rung,benchmark,data_seed,train_seed,l1,l2,consistency,final_loss,seconds,n_params,config_json
R0,ac1,0,0,0.0009308363768076096,2.207952943540763e-06,228.47096027952094,3.306833968963474e-05,9.71060800000123,2421,"{""name"": ""R0"", ""net"": {""activation"": ""tanh"", ""fourier_features"": 0, ""fourier_sigma"": 1.0, ""hidden_layers"": 6, ""neurons"": 20, ""norm"": ""batch"", ""scale_input"": false, ""scale_output"": false}, ""parent"": null, ""train"": {""epochs"": 3000, ""grad_clip"": null, ""lbfgs_steps"": 0, ""loss"": ""mse"", ""lr"": 0.01, ""schedule"": ""multistep""}}"
R0,ac1,0,1,0.0009785399016166564,1.9126562887871115e-06,4753.563511536382,3.21600200550165e-05,8.466377299999294,2421,"{""name"": ""R0"", ""net"": {""activation"": ""tanh"", ""fourier_features"": 0, ""fourier_sigma"": 1.0, ""hidden_layers"": 6, ""neurons"": 20, ""norm"": ""batch"", ""scale_input"": false, ""scale_output"": false}, ""parent"": null, ""train"": {""epochs"": 3000, ""grad_clip"": null, ""lbfgs_steps"": 0, ""loss"": ""mse"", ""lr"": 0.01, ""schedule"": ""multistep""}}"
R0,ac1,0,2,0.0009646532304186996,1.9873254885391565e-06,2754.662452010433,3.297326838946901e-05,8.53217500000028,2421,"{""name"": ""R0"", ""net"": {""activation"": ""tanh"", ""fourier_features"": 0, ""fourier_sigma"": 1.0, ""hidden_layers"": 6, ""neurons"": 20, ""norm"": ""batch"", ""scale_input"": false, ""scale_output"": false}, ""parent"": null, ""train"": {""epochs"": 3000, ""grad_clip"": null, ""lbfgs_steps"": 0, ""loss"": ""mse"", ""lr"": 0.01, ""schedule"": ""multistep""}}"
R0,ac1,0,3,0.000675871385468911,1.2256929322594567e-06,1400.85212126719,3.235556141589768e-05,8.551849199997378,2421,"{""name"": ""R0"", ""net"": {""activation"": ""tanh"", ""fourier_features"": 0, ""fourier_sigma"": 1.0, ""hidden_layers"": 6, ""neurons"": 20, ""norm"": ""batch"", ""scale_input"": false, ""scale_output"": false}, ""parent"": null, ""train"": {""epochs"": 3000, ""grad_clip"": null, ""lbfgs_steps"": 0, ""loss"": ""mse"", ""lr"": 0.01, ""schedule"": ""multistep""}}"
R0,ac1,0,4,0.0007659214845804275,1.478330753634458e-06,2384.023760525867,3.2788721000542864e-05,8.483874699995795,2421,"{""name"": ""R0"", ""net"": {""activation"": ""tanh"", ""fourier_features"": 0, ""fourier_sigma"": 1.0, ""hidden_layers"": 6, ""neurons"": 20, ""norm"": ""batch"", ""scale_input"": false, ""scale_output"": false}, ""parent"": null, ""train"": {""epochs"": 3000, ""grad_clip"": null, ""lbfgs_steps"": 0, ""loss"": ""mse"", ""lr"": 0.01, ""schedule"": ""multistep""}}"
R0,ac1,0,-1,0.0006700325364224079,1.1967006044744657e-06,266.01077770883654,nan,0.0,2421,"{""name"": ""R0"", ""net"": {""activation"": ""tanh"", ""fourier_features"": 0, ""fourier_sigma"": 1.0, ""hidden_layers"": 6, ""neurons"": 20, ""norm"": ""batch"", ""scale_input"": false, ""scale_output"": false}, ""parent"": null, ""train"": {""epochs"": 3000, ""grad_clip"": null, ""lbfgs_steps"": 0, ""loss"": ""mse"", ""lr"": 0.01, ""schedule"": ""multistep""}}"
R0,ac1,1,0,0.001305596261951142,4.153226302926286e-06,1774.180486453651,3.4269287425559014e-05,8.728735899996536,2421,"{""name"": ""R0"", ""net"": {""activation"": ""tanh"", ""fourier_features"": 0, ""fourier_sigma"": 1.0, ""hidden_layers"": 6, ""neurons"": 20, ""norm"": ""batch"", ""scale_input"": false, ""scale_output"": false}, ""parent"": null, ""train"": {""epochs"": 3000, ""grad_clip"": null, ""lbfgs_steps"": 0, ""loss"": ""mse"", ""lr"": 0.01, ""schedule"": ""multistep""}}"
R0,ac1,1,1,0.001134194426501539,2.6642238012084473e-06,936.423478364721,3.497378565953113e-05,8.614438299999165,2421,"{""name"": ""R0"", ""net"": {""activation"": ""tanh"", ""fourier_features"": 0, ""fourier_sigma"": 1.0, ""hidden_layers"": 6, ""neurons"": 20, ""norm"": ""batch"", ""scale_input"": false, ""scale_output"": false}, ""parent"": null, ""train"": {""epochs"": 3000, ""grad_clip"": null, ""lbfgs_steps"": 0, ""loss"": ""mse"", ""lr"": 0.01, ""schedule"": ""multistep""}}"
R0,ac1,1,2,0.0010689183871791794,2.7179429580773833e-06,892.6350266367358,3.5376695450395346e-05,8.568060899997363,2421,"{""name"": ""R0"", ""net"": {""activation"": ""tanh"", ""fourier_features"": 0, ""fourier_sigma"": 1.0, ""hidden_layers"": 6, ""neurons"": 20, ""norm"": ""batch"", ""scale_input"": false, ""scale_output"": false}, ""parent"": null, ""train"": {""epochs"": 3000, ""grad_clip"": null, ""lbfgs_steps"": 0, ""loss"": ""mse"", ""lr"": 0.01, ""schedule"": ""multistep""}}"
R0,ac1,1,3,0.001034785406166013,2.2563842522787727e-06,286.53175253763874,3.5333076084498316e-05,8.580046399998537,2421,"{""name"": ""R0"", ""net"": {""activation"": ""tanh"", ""fourier_features"": 0, ""fourier_sigma"": 1.0, ""hidden_layers"": 6, ""neurons"": 20, ""norm"": ""batch"", ""scale_input"": false, ""scale_output"": false}, ""parent"": null, ""train"": {""epochs"": 3000, ""grad_clip"": null, ""lbfgs_steps"": 0, ""loss"": ""mse"", ""lr"": 0.01, ""schedule"": ""multistep""}}"
R0,ac1,1,4,0.0013015027271800655,3.076635398323021e-06,5428.902677008898,3.54822441295255e-05,8.637414699995134,2421,"{""name"": ""R0"", ""net"": {""activation"": ""tanh"", ""fourier_features"": 0, ""fourier_sigma"": 1.0, ""hidden_layers"": 6, ""neurons"": 20, ""norm"": ""batch"", ""scale_input"": false, ""scale_output"": false}, ""parent"": null, ""train"": {""epochs"": 3000, ""grad_clip"": null, ""lbfgs_steps"": 0, ""loss"": ""mse"", ""lr"": 0.01, ""schedule"": ""multistep""}}"
R0,ac1,1,-1,0.0009986971457061023,2.3255493750860218e-06,637.8879237268956,nan,0.0,2421,"{""name"": ""R0"", ""net"": {""activation"": ""tanh"", ""fourier_features"": 0, ""fourier_sigma"": 1.0, ""hidden_layers"": 6, ""neurons"": 20, ""norm"": ""batch"", ""scale_input"": false, ""scale_output"": false}, ""parent"": null, ""train"": {""epochs"": 3000, ""grad_clip"": null, ""lbfgs_steps"": 0, ""loss"": ""mse"", ""lr"": 0.01, ""schedule"": ""multistep""}}"
R0,ac1,2,0,0.0013228581923008561,3.451491005810464e-06,518.5918192244296,4.104612526134588e-05,8.655093000001216,2421,"{""name"": ""R0"", ""net"": {""activation"": ""tanh"", ""fourier_features"": 0, ""fourier_sigma"": 1.0, ""hidden_layers"": 6, ""neurons"": 20, ""norm"": ""batch"", ""scale_input"": false, ""scale_output"": false}, ""parent"": null, ""train"": {""epochs"": 3000, ""grad_clip"": null, ""lbfgs_steps"": 0, ""loss"": ""mse"", ""lr"": 0.01, ""schedule"": ""multistep""}}"
R0,ac1,2,1,0.0012677917927936063,3.0584699480026934e-06,1256.190611637449,4.070980503456667e-05,8.592061999996076,2421,"{""name"": ""R0"", ""net"": {""activation"": ""tanh"", ""fourier_features"": 0, ""fourier_sigma"": 1.0, ""hidden_layers"": 6, ""neurons"": 20, ""norm"": ""batch"", ""scale_input"": false, ""scale_output"": false}, ""parent"": null, ""train"": {""epochs"": 3000, ""grad_clip"": null, ""lbfgs_steps"": 0, ""loss"": ""mse"", ""lr"": 0.01, ""schedule"": ""multistep""}}"
R0,ac1,2,2,0.001368426505504304,3.3095252734303706e-06,2765.992540953402,4.0984497900353745e-05,8.67060489999858,2421,"{""name"": ""R0"", ""net"": {""activation"": ""tanh"", ""fourier_features"": 0, ""fourier_sigma"": 1.0, ""hidden_layers"": 6, ""neurons"": 20, ""norm"": ""batch"", ""scale_input"": false, ""scale_output"": false}, ""parent"": null, ""train"": {""epochs"": 3000, ""grad_clip"": null, ""lbfgs_steps"": 0, ""loss"": ""mse"", ""lr"": 0.01, ""schedule"": ""multistep""}}"
R0,ac1,2,3,0.001119561046709348,3.441513873099649e-06,1143.2024342058446,4.031658681924455e-05,8.645408500000485,2421,"{""name"": ""R0"", ""net"": {""activation"": ""tanh"", ""fourier_features"": 0, ""fourier_sigma"": 1.0, ""hidden_layers"": 6, ""neurons"": 20, ""norm"": ""batch"", ""scale_input"": false, ""scale_output"": false}, ""parent"": null, ""train"": {""epochs"": 3000, ""grad_clip"": null, ""lbfgs_steps"": 0, ""loss"": ""mse"", ""lr"": 0.01, ""schedule"": ""multistep""}}"
R0,ac1,2,4,0.001260499331027569,3.505726128221371e-06,2566.2901173232494,4.122148675378412e-05,8.591654200004996,2421,"{""name"": ""R0"", ""net"": {""activation"": ""tanh"", ""fourier_features"": 0, ""fourier_sigma"": 1.0, ""hidden_layers"": 6, ""neurons"": 20, ""norm"": ""batch"", ""scale_input"": false, ""scale_output"": false}, ""parent"": null, ""train"": {""epochs"": 3000, ""grad_clip"": null, ""lbfgs_steps"": 0, ""loss"": ""mse"", ""lr"": 0.01, ""schedule"": ""multistep""}}"
R0,ac1,2,-1,0.0011602428810148287,2.9906133393353967e-06,1042.5945262280723,nan,0.0,2421,"{""name"": ""R0"", ""net"": {""activation"": ""tanh"", ""fourier_features"": 0, ""fourier_sigma"": 1.0, ""hidden_layers"": 6, ""neurons"": 20, ""norm"": ""batch"", ""scale_input"": false, ""scale_output"": false}, ""parent"": null, ""train"": {""epochs"": 3000, ""grad_clip"": null, ""lbfgs_steps"": 0, ""loss"": ""mse"", ""lr"": 0.01, ""schedule"": ""multistep""}}"
R0,exp1,0,0,0.0115911951210108,0.00045833350536800667,1.1038039721801833,0.0013956966577097774,8.751198099998874,2421,"{""name"": ""R0"", ""net"": {""activation"": ""tanh"", ""fourier_features"": 0, ""fourier_sigma"": 1.0, ""hidden_layers"": 6, ""neurons"": 20, ""norm"": ""batch"", ""scale_input"": false, ""scale_output"": false}, ""parent"": null, ""train"": {""epochs"": 3000, ""grad_clip"": null, ""lbfgs_steps"": 0, ""loss"": ""mse"", ""lr"": 0.01, ""schedule"": ""multistep""}}"
R0,exp1,0,1,0.011413404386852082,0.0004480433963752768,1.0929796931742344,0.0014134759549051523,8.547243599998183,2421,"{""name"": ""R0"", ""net"": {""activation"": ""tanh"", ""fourier_features"": 0, ""fourier_sigma"": 1.0, ""hidden_layers"": 6, ""neurons"": 20, ""norm"": ""batch"", ""scale_input"": false, ""scale_output"": false}, ""parent"": null, ""train"": {""epochs"": 3000, ""grad_clip"": null, ""lbfgs_steps"": 0, ""loss"": ""mse"", ""lr"": 0.01, ""schedule"": ""multistep""}}"
R0,exp1,0,2,0.011245315563188687,0.0004263804228730095,1.124623375825996,0.0014344474766403437,8.709505600003467,2421,"{""name"": ""R0"", ""net"": {""activation"": ""tanh"", ""fourier_features"": 0, ""fourier_sigma"": 1.0, ""hidden_layers"": 6, ""neurons"": 20, ""norm"": ""batch"", ""scale_input"": false, ""scale_output"": false}, ""parent"": null, ""train"": {""epochs"": 3000, ""grad_clip"": null, ""lbfgs_steps"": 0, ""loss"": ""mse"", ""lr"": 0.01, ""schedule"": ""multistep""}}"
R0,exp1,0,3,0.01213792453861943,0.0004955585432409362,1.0735888159444744,0.0013902403879910707,8.649076200003037,2421,"{""name"": ""R0"", ""net"": {""activation"": ""tanh"", ""fourier_features"": 0, ""fourier_sigma"": 1.0, ""hidden_layers"": 6, ""neurons"": 20, ""norm"": ""batch"", ""scale_input"": false, ""scale_output"": false}, ""parent"": null, ""train"": {""epochs"": 3000, ""grad_clip"": null, ""lbfgs_steps"": 0, ""loss"": ""mse"", ""lr"": 0.01, ""schedule"": ""multistep""}}"
R0,exp1,0,4,0.011856609318093691,0.0004768760897807744,1.0964588475668775,0.0013949344865977764,8.663630100003502,2421,"{""name"": ""R0"", ""net"": {""activation"": ""tanh"", ""fourier_features"": 0, ""fourier_sigma"": 1.0, ""hidden_layers"": 6, ""neurons"": 20, ""norm"": ""batch"", ""scale_input"": false, ""scale_output"": false}, ""parent"": null, ""train"": {""epochs"": 3000, ""grad_clip"": null, ""lbfgs_steps"": 0, ""loss"": ""mse"", ""lr"": 0.01, ""schedule"": ""multistep""}}"
R0,exp1,0,-1,0.011639655209459749,0.00046170784187882637,1.0931167978596283,nan,0.0,2421,"{""name"": ""R0"", ""net"": {""activation"": ""tanh"", ""fourier_features"": 0, ""fourier_sigma"": 1.0, ""hidden_layers"": 6, ""neurons"": 20, ""norm"": ""batch"", ""scale_input"": false, ""scale_output"": false}, ""parent"": null, ""train"": {""epochs"": 3000, ""grad_clip"": null, ""lbfgs_steps"": 0, ""loss"": ""mse"", ""lr"": 0.01, ""schedule"": ""multistep""}}"
R0,exp1,1,0,0.011460945074234136,0.00046737169052255977,1.2458412148821385,0.0015519954031333327,8.63235810000333,2421,"{""name"": ""R0"", ""net"": {""activation"": ""tanh"", ""fourier_features"": 0, ""fourier_sigma"": 1.0, ""hidden_layers"": 6, ""neurons"": 20, ""norm"": ""batch"", ""scale_input"": false, ""scale_output"": false}, ""parent"": null, ""train"": {""epochs"": 3000, ""grad_clip"": null, ""lbfgs_steps"": 0, ""loss"": ""mse"", ""lr"": 0.01, ""schedule"": ""multistep""}}"
R0,exp1,1,1,0.011512932879849865,0.00045795389981806054,1.2518162389753122,0.001567641505971551,8.643711999997322,2421,"{""name"": ""R0"", ""net"": {""activation"": ""tanh"", ""fourier_features"": 0, ""fourier_sigma"": 1.0, ""hidden_layers"": 6, ""neurons"": 20, ""norm"": ""batch"", ""scale_input"": false, ""scale_output"": false}, ""parent"": null, ""train"": {""epochs"": 3000, ""grad_clip"": null, ""lbfgs_steps"": 0, ""loss"": ""mse"", ""lr"": 0.01, ""schedule"": ""multistep""}}"
R0,exp1,1,2,0.011279978662925232,0.0004587195811174746,1.2522001035725512,0.0015597508754581213,8.604553700002725,2421,"{""name"": ""R0"", ""net"": {""activation"": ""tanh"", ""fourier_features"": 0, ""fourier_sigma"": 1.0, ""hidden_layers"": 6, ""neurons"": 20, ""norm"": ""batch"", ""scale_input"": false, ""scale_output"": false}, ""parent"": null, ""train"": {""epochs"": 3000, ""grad_clip"": null, ""lbfgs_steps"": 0, ""loss"": ""mse"", ""lr"": 0.01, ""schedule"": ""multistep""}}"
R0,exp1,1,3,0.01128741982608051,0.0004609386533584183,1.2044565489811994,0.0015614002477377653,8.641794000002847,2421,"{""name"": ""R0"", ""net"": {""activation"": ""tanh"", ""fourier_features"": 0, ""fourier_sigma"": 1.0, ""hidden_layers"": 6, ""neurons"": 20, ""norm"": ""batch"", ""scale_input"": false, ""scale_output"": false}, ""parent"": null, ""train"": {""epochs"": 3000, ""grad_clip"": null, ""lbfgs_steps"": 0, ""loss"": ""mse"", ""lr"": 0.01, ""schedule"": ""multistep""}}"
R0,exp1,1,4,0.011217804265491392,0.0004611427956444261,1.2496156761440116,0.001557959127239883,8.712212699996599,2421,"{""name"": ""R0"", ""net"": {""activation"": ""tanh"", ""fourier_features"": 0, ""fourier_sigma"": 1.0, ""hidden_layers"": 6, ""neurons"": 20, ""norm"": ""batch"", ""scale_input"": false, ""scale_output"": false}, ""parent"": null, ""train"": {""epochs"": 3000, ""grad_clip"": null, ""lbfgs_steps"": 0, ""loss"": ""mse"", ""lr"": 0.01, ""schedule"": ""multistep""}}"
R0,exp1,1,-1,0.011190035615629118,0.0004541928624667887,1.2372214292308086,nan,0.0,2421,"{""name"": ""R0"", ""net"": {""activation"": ""tanh"", ""fourier_features"": 0, ""fourier_sigma"": 1.0, ""hidden_layers"": 6, ""neurons"": 20, ""norm"": ""batch"", ""scale_input"": false, ""scale_output"": false}, ""parent"": null, ""train"": {""epochs"": 3000, ""grad_clip"": null, ""lbfgs_steps"": 0, ""loss"": ""mse"", ""lr"": 0.01, ""schedule"": ""multistep""}}"
R0,exp1,2,0,0.011184372440938192,0.0003810050969046405,1.108811039801289,0.0013529392890632153,8.731030400005693,2421,"{""name"": ""R0"", ""net"": {""activation"": ""tanh"", ""fourier_features"": 0, ""fourier_sigma"": 1.0, ""hidden_layers"": 6, ""neurons"": 20, ""norm"": ""batch"", ""scale_input"": false, ""scale_output"": false}, ""parent"": null, ""train"": {""epochs"": 3000, ""grad_clip"": null, ""lbfgs_steps"": 0, ""loss"": ""mse"", ""lr"": 0.01, ""schedule"": ""multistep""}}"
R0,exp1,2,1,0.011266794617952837,0.00037613808423867293,1.128344729777427,0.001358542125672102,8.767957800002478,2421,"{""name"": ""R0"", ""net"": {""activation"": ""tanh"", ""fourier_features"": 0, ""fourier_sigma"": 1.0, ""hidden_layers"": 6, ""neurons"": 20, ""norm"": ""batch"", ""scale_input"": false, ""scale_output"": false}, ""parent"": null, ""train"": {""epochs"": 3000, ""grad_clip"": null, ""lbfgs_steps"": 0, ""loss"": ""mse"", ""lr"": 0.01, ""schedule"": ""multistep""}}"
R0,exp1,2,2,0.011080002303472222,0.0003809685306696577,1.0955214469141228,0.0013531878357753158,8.71302000000287,2421,"{""name"": ""R0"", ""net"": {""activation"": ""tanh"", ""fourier_features"": 0, ""fourier_sigma"": 1.0, ""hidden_layers"": 6, ""neurons"": 20, ""norm"": ""batch"", ""scale_input"": false, ""scale_output"": false}, ""parent"": null, ""train"": {""epochs"": 3000, ""grad_clip"": null, ""lbfgs_steps"": 0, ""loss"": ""mse"", ""lr"": 0.01, ""schedule"": ""multistep""}}"
R0,exp1,2,3,0.011241324168862601,0.00038498649790043207,1.091895890482428,0.0013500998029485345,8.576659899998049,2421,"{""name"": ""R0"", ""net"": {""activation"": ""tanh"", ""fourier_features"": 0, ""fourier_sigma"": 1.0, ""hidden_layers"": 6, ""neurons"": 20, ""norm"": ""batch"", ""scale_input"": false, ""scale_output"": false}, ""parent"": null, ""train"": {""epochs"": 3000, ""grad_clip"": null, ""lbfgs_steps"": 0, ""loss"": ""mse"", ""lr"": 0.01, ""schedule"": ""multistep""}}"
R0,exp1,2,4,0.011028093414546462,0.0003864075873481094,1.113026006120837,0.0013475026935338974,8.632155899998907,2421,"{""name"": ""R0"", ""net"": {""activation"": ""tanh"", ""fourier_features"": 0, ""fourier_sigma"": 1.0, ""hidden_layers"": 6, ""neurons"": 20, ""norm"": ""batch"", ""scale_input"": false, ""scale_output"": false}, ""parent"": null, ""train"": {""epochs"": 3000, ""grad_clip"": null, ""lbfgs_steps"": 0, ""loss"": ""mse"", ""lr"": 0.01, ""schedule"": ""multistep""}}"
R0,exp1,2,-1,0.011032476823276495,0.00037927645282628526,1.0954447221567218,nan,0.0,2421,"{""name"": ""R0"", ""net"": {""activation"": ""tanh"", ""fourier_features"": 0, ""fourier_sigma"": 1.0, ""hidden_layers"": 6, ""neurons"": 20, ""norm"": ""batch"", ""scale_input"": false, ""scale_output"": false}, ""parent"": null, ""train"": {""epochs"": 3000, ""grad_clip"": null, ""lbfgs_steps"": 0, ""loss"": ""mse"", ""lr"": 0.01, ""schedule"": ""multistep""}}"
R0,merton,0,0,0.010154189615396823,0.00014964709485864374,3.083759970284677,0.0015328018926084042,8.710578199999873,2421,"{""name"": ""R0"", ""net"": {""activation"": ""tanh"", ""fourier_features"": 0, ""fourier_sigma"": 1.0, ""hidden_layers"": 6, ""neurons"": 20, ""norm"": ""batch"", ""scale_input"": false, ""scale_output"": false}, ""parent"": null, ""train"": {""epochs"": 3000, ""grad_clip"": null, ""lbfgs_steps"": 0, ""loss"": ""mse"", ""lr"": 0.01, ""schedule"": ""multistep""}}"
R0,merton,0,1,0.009527921626631403,0.0001131982662696487,3.0913123208542865,0.001509871450252831,8.55354520000401,2421,"{""name"": ""R0"", ""net"": {""activation"": ""tanh"", ""fourier_features"": 0, ""fourier_sigma"": 1.0, ""hidden_layers"": 6, ""neurons"": 20, ""norm"": ""batch"", ""scale_input"": false, ""scale_output"": false}, ""parent"": null, ""train"": {""epochs"": 3000, ""grad_clip"": null, ""lbfgs_steps"": 0, ""loss"": ""mse"", ""lr"": 0.01, ""schedule"": ""multistep""}}"
R0,merton,0,2,0.014285385637887728,0.0002395019073243576,1.5632908705683795,0.0015156986191868782,8.565472499998577,2421,"{""name"": ""R0"", ""net"": {""activation"": ""tanh"", ""fourier_features"": 0, ""fourier_sigma"": 1.0, ""hidden_layers"": 6, ""neurons"": 20, ""norm"": ""batch"", ""scale_input"": false, ""scale_output"": false}, ""parent"": null, ""train"": {""epochs"": 3000, ""grad_clip"": null, ""lbfgs_steps"": 0, ""loss"": ""mse"", ""lr"": 0.01, ""schedule"": ""multistep""}}"
R0,merton,0,3,0.0047028640670397906,3.4134911837973605e-05,2.184909203248164,0.0015103906625881791,8.590370900004928,2421,"{""name"": ""R0"", ""net"": {""activation"": ""tanh"", ""fourier_features"": 0, ""fourier_sigma"": 1.0, ""hidden_layers"": 6, ""neurons"": 20, ""norm"": ""batch"", ""scale_input"": false, ""scale_output"": false}, ""parent"": null, ""train"": {""epochs"": 3000, ""grad_clip"": null, ""lbfgs_steps"": 0, ""loss"": ""mse"", ""lr"": 0.01, ""schedule"": ""multistep""}}"
R0,merton,0,4,0.014908259899974408,0.00042748950582024845,4.605166960116863,0.0015147001249715686,8.595261499998742,2421,"{""name"": ""R0"", ""net"": {""activation"": ""tanh"", ""fourier_features"": 0, ""fourier_sigma"": 1.0, ""hidden_layers"": 6, ""neurons"": 20, ""norm"": ""batch"", ""scale_input"": false, ""scale_output"": false}, ""parent"": null, ""train"": {""epochs"": 3000, ""grad_clip"": null, ""lbfgs_steps"": 0, ""loss"": ""mse"", ""lr"": 0.01, ""schedule"": ""multistep""}}"
R0,merton,0,-1,0.0076443550331628,8.071490025326119e-05,2.8453986173361403,nan,0.0,2421,"{""name"": ""R0"", ""net"": {""activation"": ""tanh"", ""fourier_features"": 0, ""fourier_sigma"": 1.0, ""hidden_layers"": 6, ""neurons"": 20, ""norm"": ""batch"", ""scale_input"": false, ""scale_output"": false}, ""parent"": null, ""train"": {""epochs"": 3000, ""grad_clip"": null, ""lbfgs_steps"": 0, ""loss"": ""mse"", ""lr"": 0.01, ""schedule"": ""multistep""}}"
R0,merton,1,0,0.014750154638400645,0.0005015656543132131,6.427540142189844,0.00144403544254601,8.734696899999108,2421,"{""name"": ""R0"", ""net"": {""activation"": ""tanh"", ""fourier_features"": 0, ""fourier_sigma"": 1.0, ""hidden_layers"": 6, ""neurons"": 20, ""norm"": ""batch"", ""scale_input"": false, ""scale_output"": false}, ""parent"": null, ""train"": {""epochs"": 3000, ""grad_clip"": null, ""lbfgs_steps"": 0, ""loss"": ""mse"", ""lr"": 0.01, ""schedule"": ""multistep""}}"
R0,merton,1,1,0.0047750652476090975,3.7294762270462835e-05,3.0744244046238864,0.0014396067708730698,8.713097300002119,2421,"{""name"": ""R0"", ""net"": {""activation"": ""tanh"", ""fourier_features"": 0, ""fourier_sigma"": 1.0, ""hidden_layers"": 6, ""neurons"": 20, ""norm"": ""batch"", ""scale_input"": false, ""scale_output"": false}, ""parent"": null, ""train"": {""epochs"": 3000, ""grad_clip"": null, ""lbfgs_steps"": 0, ""loss"": ""mse"", ""lr"": 0.01, ""schedule"": ""multistep""}}"
R0,merton,1,2,0.005737835231805166,4.357149798677097e-05,2.4573730419262736,0.0014284757198765874,8.63298180000129,2421,"{""name"": ""R0"", ""net"": {""activation"": ""tanh"", ""fourier_features"": 0, ""fourier_sigma"": 1.0, ""hidden_layers"": 6, ""neurons"": 20, ""norm"": ""batch"", ""scale_input"": false, ""scale_output"": false}, ""parent"": null, ""train"": {""epochs"": 3000, ""grad_clip"": null, ""lbfgs_steps"": 0, ""loss"": ""mse"", ""lr"": 0.01, ""schedule"": ""multistep""}}"
R0,merton,1,3,0.006523912955588478,6.710013083334481e-05,2.8217437542415373,0.001421867753379047,8.694076699997822,2421,"{""name"": ""R0"", ""net"": {""activation"": ""tanh"", ""fourier_features"": 0, ""fourier_sigma"": 1.0, ""hidden_layers"": 6, ""neurons"": 20, ""norm"": ""batch"", ""scale_input"": false, ""scale_output"": false}, ""parent"": null, ""train"": {""epochs"": 3000, ""grad_clip"": null, ""lbfgs_steps"": 0, ""loss"": ""mse"", ""lr"": 0.01, ""schedule"": ""multistep""}}"
R0,merton,1,4,0.007162655985179327,8.628956392493178e-05,3.6021145693220995,0.0014243449550122023,8.680084100000386,2421,"{""name"": ""R0"", ""net"": {""activation"": ""tanh"", ""fourier_features"": 0, ""fourier_sigma"": 1.0, ""hidden_layers"": 6, ""neurons"": 20, ""norm"": ""batch"", ""scale_input"": false, ""scale_output"": false}, ""parent"": null, ""train"": {""epochs"": 3000, ""grad_clip"": null, ""lbfgs_steps"": 0, ""loss"": ""mse"", ""lr"": 0.01, ""schedule"": ""multistep""}}"
R0,merton,1,-1,0.005160375565384328,4.142741418808673e-05,2.8384603597919025,nan,0.0,2421,"{""name"": ""R0"", ""net"": {""activation"": ""tanh"", ""fourier_features"": 0, ""fourier_sigma"": 1.0, ""hidden_layers"": 6, ""neurons"": 20, ""norm"": ""batch"", ""scale_input"": false, ""scale_output"": false}, ""parent"": null, ""train"": {""epochs"": 3000, ""grad_clip"": null, ""lbfgs_steps"": 0, ""loss"": ""mse"", ""lr"": 0.01, ""schedule"": ""multistep""}}"
R0,merton,2,0,0.007000178927621241,7.149818826399762e-05,2.7114642919082312,0.0013375153066590428,8.707478500000434,2421,"{""name"": ""R0"", ""net"": {""activation"": ""tanh"", ""fourier_features"": 0, ""fourier_sigma"": 1.0, ""hidden_layers"": 6, ""neurons"": 20, ""norm"": ""batch"", ""scale_input"": false, ""scale_output"": false}, ""parent"": null, ""train"": {""epochs"": 3000, ""grad_clip"": null, ""lbfgs_steps"": 0, ""loss"": ""mse"", ""lr"": 0.01, ""schedule"": ""multistep""}}"
R0,merton,2,1,0.008678371685193502,9.331802384054796e-05,2.9430479178333244,0.0013427558587864041,8.692185399995651,2421,"{""name"": ""R0"", ""net"": {""activation"": ""tanh"", ""fourier_features"": 0, ""fourier_sigma"": 1.0, ""hidden_layers"": 6, ""neurons"": 20, ""norm"": ""batch"", ""scale_input"": false, ""scale_output"": false}, ""parent"": null, ""train"": {""epochs"": 3000, ""grad_clip"": null, ""lbfgs_steps"": 0, ""loss"": ""mse"", ""lr"": 0.01, ""schedule"": ""multistep""}}"
R0,merton,2,2,0.15191206873555782,0.05721927324547945,159.50677274319605,0.0013839969178661704,8.654963100001623,2421,"{""name"": ""R0"", ""net"": {""activation"": ""tanh"", ""fourier_features"": 0, ""fourier_sigma"": 1.0, ""hidden_layers"": 6, ""neurons"": 20, ""norm"": ""batch"", ""scale_input"": false, ""scale_output"": false}, ""parent"": null, ""train"": {""epochs"": 3000, ""grad_clip"": null, ""lbfgs_steps"": 0, ""loss"": ""mse"", ""lr"": 0.01, ""schedule"": ""multistep""}}"
R0,merton,2,3,0.007171966473704516,8.847104126129369e-05,2.601261701008986,0.0013258187100291252,8.703177499999583,2421,"{""name"": ""R0"", ""net"": {""activation"": ""tanh"", ""fourier_features"": 0, ""fourier_sigma"": 1.0, ""hidden_layers"": 6, ""neurons"": 20, ""norm"": ""batch"", ""scale_input"": false, ""scale_output"": false}, ""parent"": null, ""train"": {""epochs"": 3000, ""grad_clip"": null, ""lbfgs_steps"": 0, ""loss"": ""mse"", ""lr"": 0.01, ""schedule"": ""multistep""}}"
R0,merton,2,4,0.012113044006298423,0.00016967106930938707,3.4431768942601377,0.0013479634653776884,8.724150699999882,2421,"{""name"": ""R0"", ""net"": {""activation"": ""tanh"", ""fourier_features"": 0, ""fourier_sigma"": 1.0, ""hidden_layers"": 6, ""neurons"": 20, ""norm"": ""batch"", ""scale_input"": false, ""scale_output"": false}, ""parent"": null, ""train"": {""epochs"": 3000, ""grad_clip"": null, ""lbfgs_steps"": 0, ""loss"": ""mse"", ""lr"": 0.01, ""schedule"": ""multistep""}}"
R0,merton,2,-1,0.008406516039451181,9.192961196080266e-05,2.9508188300706824,nan,0.0,2421,"{""name"": ""R0"", ""net"": {""activation"": ""tanh"", ""fourier_features"": 0, ""fourier_sigma"": 1.0, ""hidden_layers"": 6, ""neurons"": 20, ""norm"": ""batch"", ""scale_input"": false, ""scale_output"": false}, ""parent"": null, ""train"": {""epochs"": 3000, ""grad_clip"": null, ""lbfgs_steps"": 0, ""loss"": ""mse"", ""lr"": 0.01, ""schedule"": ""multistep""}}"
