rung,instance_seed,l1_u,policy_err_interior,policy_err_full,seconds
C0,1000000,0.045558483994785064,1.1911848485571925,1.080121325374591,4.344865441999864
C0,1000001,0.006512107794931424,0.3802613356838514,0.36412373123799585,4.344865441999864
C0,1000002,0.007570392416066647,0.4355842046979359,0.43041516283711434,4.344865441999864
C0,1000003,0.05048718380920285,0.5924785848064605,0.6922808986694003,4.344865441999864
C0,1000004,0.037522267282340815,0.7739641893962934,0.7847707753213251,4.344865441999864
C0,1000005,0.01318919770397392,0.37613665538819874,0.37613665538819874,4.344865441999864
C0,1000006,0.018169832742251205,0.39805201954587094,0.572981628357567,4.344865441999864
C0,1000007,0.01181879175079515,0.32992136951178225,0.32095527673218016,4.344865441999864
C0,1000008,0.01040410103875662,0.6865731172621075,0.6595541036701961,4.344865441999864
C0,1000009,0.019528599364110423,0.5058119582149276,0.5165544721064596,4.344865441999864
C0,1000010,0.004073166817394532,0.13279947036352668,0.17534884878645804,4.344865441999864
C0,1000011,0.008195319365844505,0.379869856476826,0.379869856476826,4.344865441999864
C0,1000012,0.09039187634542391,0.7321071951641203,0.951794693308069,4.344865441999864
C0,1000013,0.08560955337930243,0.8475029323719541,0.8589115964618185,4.344865441999864
C0,1000014,0.007637064201244672,0.07846200312573162,0.09647465652702351,4.344865441999864
C0,1000015,0.017973403298299922,0.4416102819272839,0.7116512105032123,4.344865441999864
C0,1000016,0.027289421087534786,0.4078830486302007,0.4078830486302007,4.344865441999864
C0,1000017,0.007864951510038005,0.625821236142364,0.625821236142364,4.344865441999864
C0,1000018,0.032928205031083,0.5831073892756315,0.5596430245464459,4.344865441999864
C0,1000019,0.056876738512335365,1.0002851531608992,1.0008958975926503,4.344865441999864
C0,1000020,0.014497761863846681,0.30611799561181363,0.3173286315230764,4.344865441999864
C0,1000021,0.05830054441074505,0.9984975523972084,0.9994599534919365,4.344865441999864
C0,1000022,0.04318987810645388,0.7788171410414616,0.7878590764910519,4.344865441999864
C0,1000023,0.009854218414955254,0.7033970512985773,0.7782733014369445,4.344865441999864
C0,1000024,0.015380477579952128,0.9116833581592073,0.9954469239734726,4.344865441999864
C0,1000025,0.07900507899969994,0.9347251106482259,0.925740449619127,4.344865441999864
C0,1000026,0.0239521707927163,0.4597149953811841,0.6445049798194271,4.344865441999864
C0,1000027,0.03417708912170789,0.856535354068572,0.7710547953601183,4.344865441999864
C0,1000028,0.003354687995154741,0.17909626332810022,0.2537139159402499,4.344865441999864
C0,1000029,0.02395730626291671,0.35518589048865346,0.4444146728853233,4.344865441999864
C0,1000030,0.010776519624207462,0.38787199297659647,0.454137827783261,4.344865441999864
C0,1000031,0.04149735613273776,0.5007391611841064,0.6937920925308111,4.344865441999864
C0,1000032,0.041824155431196185,0.5120184473045427,0.49453838230718367,4.344865441999864
C0,1000033,0.020720072819165263,0.9433766850664644,0.9141826654795524,4.344865441999864
C0,1000034,0.010213969950840406,0.3327045759554637,0.3367879773748952,4.344865441999864
C0,1000035,0.019392892976675322,0.17242022162012147,0.25024326953468146,4.344865441999864
C0,1000036,0.031062128905308725,0.9122564625253792,0.9547500233227472,4.344865441999864
C0,1000037,0.07202531296265628,0.9735751275172774,0.9442062840072419,4.344865441999864
C0,1000038,0.004113347839795067,0.2248975630219396,0.2580235785582485,4.344865441999864
C0,1000039,0.02147981038873505,0.7282110666734206,0.8074608958355972,4.344865441999864
C0,1000040,0.026481840573423107,0.9574845687730364,1.029919757705535,4.344865441999864
C0,1000041,0.008053280594822635,0.20482929152483373,0.1966400844186281,4.344865441999864
C0,1000042,0.03441810697577389,0.6067075621587293,0.6067075621587293,4.344865441999864
C0,1000043,0.02091686311754761,0.5765475989451146,0.5466763263517159,4.344865441999864
C0,1000044,0.00796352777956522,0.4046276959971499,0.43739315501854176,4.344865441999864
C0,1000045,0.009962089500243852,0.6652792688509193,0.741668742709726,4.344865441999864
C0,1000046,0.04291477701790432,0.9992431549267394,0.9982695217952511,4.344865441999864
C0,1000047,0.009305832631463867,0.31117962067719973,0.31261212072379596,4.344865441999864
C0,1000048,0.017274187964139723,0.47191176718834094,0.48410384455505623,4.344865441999864
C0,1000049,0.02703596671140102,0.9843723756158353,0.981109365490662,4.344865441999864
C1,1000000,0.009043090659812448,0.03018586891529792,0.03171455411507218,0.7433486539998557
C1,1000001,0.0018802076413244606,0.05944437967229426,0.06125643762238026,0.7433486539998557
C1,1000002,0.006629835619579189,0.07943469992708749,0.08112491589785735,0.7433486539998557
C1,1000003,0.01433101522048214,0.12028413256792621,0.1276562610383651,0.7433486539998557
C1,1000004,0.0029902190837293053,0.011329013676129542,0.012311715138043383,0.7433486539998557
C1,1000005,0.011185578519792409,0.050057198466948026,0.04687186196368173,0.7433486539998557
C1,1000006,0.003712037599894262,0.03717028690460711,0.04525410730041235,0.7433486539998557
C1,1000007,0.010343812952867609,0.03550743428567941,0.03898845001232278,0.7433486539998557
C1,1000008,0.011582221796011767,0.13929948068514378,0.13929948068514378,0.7433486539998557
C1,1000009,0.018296815831069766,0.007776959829557702,0.019939489915993962,0.7433486539998557
C1,1000010,0.012136392228181529,0.03892884936219585,0.04127111023881538,0.7433486539998557
C1,1000011,0.009041005558983975,0.059599064808368483,0.06271351287016307,0.7433486539998557
C1,1000012,0.018586380463217807,0.12989976349575358,0.13474117744585473,0.7433486539998557
C1,1000013,0.016188314372129402,0.08547958500189844,0.09833980766949563,0.7433486539998557
C1,1000014,0.002683818855298738,0.046652690854546895,0.04999346612677125,0.7433486539998557
C1,1000015,0.011694842783200833,0.05000341816003143,0.053772830523885734,0.7433486539998557
C1,1000016,0.01132128710094266,0.054842536047781845,0.061415435376307635,0.7433486539998557
C1,1000017,0.00348798846353649,0.05773062809524836,0.060424306597885,0.7433486539998557
C1,1000018,0.0032665316516250166,0.02257225602844537,0.037845102864383744,0.7433486539998557
C1,1000019,0.002964678793585817,0.11655137614332664,0.0995517716089935,0.7433486539998557
C1,1000020,0.009993522896593452,0.044044466051860486,0.05410210773789823,0.7433486539998557
C1,1000021,0.012690753498354433,0.08901372841954767,0.07980521960229357,0.7433486539998557
C1,1000022,0.006487015654342946,0.03893887431395237,0.043153509362166304,0.7433486539998557
C1,1000023,0.006177466732725254,0.044236080980421026,0.04525663904791945,0.7433486539998557
C1,1000024,0.0042717706614104935,0.0900647384023569,0.08291316050216618,0.7433486539998557
C1,1000025,0.014813524206235482,0.10437532594152847,0.12295527019929994,0.7433486539998557
C1,1000026,0.002746381020094275,0.0933808686280565,0.09175881682373305,0.7433486539998557
C1,1000027,0.0025003439614182162,0.017824277836572013,0.019407188920033465,0.7433486539998557
C1,1000028,0.0070719666982123515,0.04315127606168572,0.0452136029419321,0.7433486539998557
C1,1000029,0.011082603945526076,0.047111199367471705,0.05769340841059932,0.7433486539998557
C1,1000030,0.011421716976677628,0.046850189965325556,0.050328298213897525,0.7433486539998557
C1,1000031,0.025797665052322158,0.15577995440225476,0.15577995440225476,0.7433486539998557
C1,1000032,0.011477603073259008,0.06666698683618737,0.08086819889474198,0.7433486539998557
C1,1000033,0.008330289822553504,0.0969894159764537,0.0911339802456614,0.7433486539998557
C1,1000034,0.002738828408607933,0.08448158392979638,0.0837692120189046,0.7433486539998557
C1,1000035,0.003163603148099481,0.0130454603166735,0.016850583967405484,0.7433486539998557
C1,1000036,0.02511800009427182,0.1282239264868473,0.0882247064876229,0.7433486539998557
C1,1000037,0.012393641977896669,0.07926098983008881,0.0944722315033929,0.7433486539998557
C1,1000038,0.013184195309567501,0.03187304614095199,0.04589753373177748,0.7433486539998557
C1,1000039,0.006714130478808685,0.037299221045068505,0.037928267330532645,0.7433486539998557
C1,1000040,0.0040271334769290835,0.054261631401052425,0.0554988376215248,0.7433486539998557
C1,1000041,0.0063302762875631705,0.029549916164548856,0.027754023518925246,0.7433486539998557
C1,1000042,0.014288039438679961,0.053236101480889635,0.06283691581931748,0.7433486539998557
C1,1000043,0.010389756001933934,0.028727414224695685,0.029047813313291437,0.7433486539998557
C1,1000044,0.004820525550377622,0.15518169470260182,0.15234486381912166,0.7433486539998557
C1,1000045,0.00912880223808241,0.058988064631905035,0.06158897666400601,0.7433486539998557
C1,1000046,0.006587313940909275,0.03876691903020365,0.05157676856263449,0.7433486539998557
C1,1000047,0.002259685413364206,0.015568854195913612,0.021873654791678125,0.7433486539998557
C1,1000048,0.005864480049297564,0.051187220424244444,0.04940808110521393,0.7433486539998557
C1,1000049,0.007409650941018938,0.040100493520027466,0.057557824850235605,0.7433486539998557
C2,1000000,0.007421646859578615,0.016869051764068478,0.019470789181395658,1.3316667299999971
C2,1000001,0.0036134784516968273,0.03788677893559721,0.05023322185541369,1.3316667299999971
C2,1000002,0.005752152844886072,0.022973958522192698,0.025423317879309786,1.3316667299999971
C2,1000003,0.0109767900829724,0.10780491678892923,0.12782940011135552,1.3316667299999971
C2,1000004,0.005663878988083307,0.018454389812483485,0.01961923071338242,1.3316667299999971
C2,1000005,0.0026805232722018463,0.026769226168949237,0.028885354339098508,1.3316667299999971
C2,1000006,0.005396049231763935,0.038394514247140264,0.049172530623102416,1.3316667299999971
C2,1000007,0.003920756121946522,0.03142562826844721,0.03142562826844721,1.3316667299999971
C2,1000008,0.00540220571042864,0.029988519057224498,0.030345836102558855,1.3316667299999971
C2,1000009,0.010475591970707286,0.02606784142878031,0.02606784142878031,1.3316667299999971
C2,1000010,0.0016683719306683786,0.02582612809171282,0.02837220822969448,1.3316667299999971
C2,1000011,0.0048858182354420505,0.047086619106997955,0.04324068021944973,1.3316667299999971
C2,1000012,0.015155083814923542,0.1342825924929404,0.1508428745140063,1.3316667299999971
C2,1000013,0.013728680694693168,0.04718002889680515,0.056898143866564325,1.3316667299999971
C2,1000014,0.0018508651979626794,0.04492558419809868,0.03958458889448396,1.3316667299999971
C2,1000015,0.006392149199023078,0.04006344072689662,0.037885196330020576,1.3316667299999971
C2,1000016,0.006701216596272563,0.028951507277899767,0.028951507277899767,1.3316667299999971
C2,1000017,0.007353985853528175,0.03068207928933939,0.03271145009256064,1.3316667299999971
C2,1000018,0.010719210049967521,0.054562104198670996,0.05802838375183769,1.3316667299999971
C2,1000019,0.002303562657966222,0.027838928734265227,0.03257527338055865,1.3316667299999971
C2,1000020,0.008347505856885746,0.0390019096101632,0.0390019096101632,1.3316667299999971
C2,1000021,0.0029968746525974544,0.018012405017097315,0.020777067310943597,1.3316667299999971
C2,1000022,0.004244502024097261,0.021484263042227024,0.021917043219012704,1.3316667299999971
C2,1000023,0.0030381601241159196,0.05492587454066449,0.06750148162748877,1.3316667299999971
C2,1000024,0.002419245508652694,0.01986148787588427,0.03287114998740105,1.3316667299999971
C2,1000025,0.011272014806867039,0.053072593503199324,0.06613170109078273,1.3316667299999971
C2,1000026,0.004282248855989934,0.030766047771937616,0.035746614045160774,1.3316667299999971
C2,1000027,0.002493473708181848,0.0376009428001583,0.049254612815181016,1.3316667299999971
C2,1000028,0.0008351417504024241,0.015646053262029273,0.019757951344022317,1.3316667299999971
C2,1000029,0.009314340685789457,0.07641207426822948,0.0874050074881814,1.3316667299999971
C2,1000030,0.0011620048119060679,0.019065052638625526,0.020359055441144268,1.3316667299999971
C2,1000031,0.018103180058351383,0.15121626529464233,0.16301527327390328,1.3316667299999971
C2,1000032,0.008540033696782351,0.10231093612088893,0.12048331642345189,1.3316667299999971
C2,1000033,0.0032748905982438667,0.0209122857542291,0.023420825776387818,1.3316667299999971
C2,1000034,0.003621998629372662,0.02620842948000223,0.03060277223429141,1.3316667299999971
C2,1000035,0.002464376607910984,0.02384937780737271,0.02944750228427731,1.3316667299999971
C2,1000036,0.003610984630628814,0.06055376949462404,0.07101317862378619,1.3316667299999971
C2,1000037,0.012459022399401186,0.09632916998810832,0.11033781511885972,1.3316667299999971
C2,1000038,0.0022506214262087063,0.020357895984603698,0.021495195692952506,1.3316667299999971
C2,1000039,0.0032254409395758295,0.021995372624311112,0.021995372624311112,1.3316667299999971
C2,1000040,0.0012137999795124564,0.036887934569415914,0.03644844765003451,1.3316667299999971
C2,1000041,0.0013760577084756525,0.01932272459986618,0.02111226945486913,1.3316667299999971
C2,1000042,0.011468052812026572,0.0877880697179585,0.10111345825152836,1.3316667299999971
C2,1000043,0.003993964984097396,0.021080069800920382,0.022676034245440502,1.3316667299999971
C2,1000044,0.006026733579726523,0.056824474354760804,0.056824474354760804,1.3316667299999971
C2,1000045,0.0045741670107657326,0.05073487585539884,0.044578018645995664,1.3316667299999971
C2,1000046,0.0008959248119130786,0.013414090980540931,0.022040031475020604,1.3316667299999971
C2,1000047,0.0019483744899282769,0.027422167941957655,0.027463864721334684,1.3316667299999971
C2,1000048,0.0016983952029760315,0.01643417085024475,0.016614846154058244,1.3316667299999971
C2,1000049,0.001557190981683075,0.014753153195606234,0.022579404843399223,1.3316667299999971
C3,1000000,0.10047390328068065,0.21698314782415573,0.21852256724732186,3.4468811620000634
C3,1000001,0.04379377514290061,0.034688487705394656,0.025280151169618435,3.4468811620000634
C3,1000002,0.005812281538419487,0.02217010299921789,0.02286899486969462,3.4468811620000634
C3,1000003,0.03252603654741106,0.152398020583686,0.07195677880007498,3.4468811620000634
C3,1000004,0.037123881680819905,0.15615072124949858,0.15615072124949858,3.4468811620000634
C3,1000005,0.007318997968747477,0.017099015326307306,0.018983660525170303,3.4468811620000634
C3,1000006,0.08845134945224727,0.036687941260919114,0.03932684030297813,3.4468811620000634
C3,1000007,0.010498488510250578,0.07790998301290682,0.0625418824968817,3.4468811620000634
C3,1000008,0.012013454852057426,0.04812689525546377,0.043200697218552145,3.4468811620000634
C3,1000009,0.02408586527525942,0.013114633884050602,0.013114633884050602,3.4468811620000634
C3,1000010,0.029902119293563907,0.011681635308744645,0.011570199215965277,3.4468811620000634
C3,1000011,0.03605570015054396,0.025214322150473943,0.026585208920697153,3.4468811620000634
C3,1000012,0.03496586188145413,0.1071700603468069,0.10645513246063945,3.4468811620000634
C3,1000013,0.02584472574951603,0.04830442590844738,0.04830442590844738,3.4468811620000634
C3,1000014,0.012623361755992091,0.019631266689564664,0.02095445527204105,3.4468811620000634
C3,1000015,0.033361322366034604,0.030443078450157667,0.04131565127711508,3.4468811620000634
C3,1000016,0.022084917090905577,0.050125265501609256,0.050125265501609256,3.4468811620000634
C3,1000017,0.022062343936341683,0.019379299162353168,0.02190852586544135,3.4468811620000634
C3,1000018,0.05944902521020394,0.031543115462109216,0.02911676032378174,3.4468811620000634
C3,1000019,0.016826269672766975,0.021155692918722213,0.022374016451633578,3.4468811620000634
C3,1000020,0.020509716538063622,0.011305309816446922,0.015465329286433288,3.4468811620000634
C3,1000021,0.05547134638842347,0.04730021840772015,0.04730021840772015,3.4468811620000634
C3,1000022,0.016559780030169353,0.05260892800744091,0.05260892800744091,3.4468811620000634
C3,1000023,0.07512108528052364,0.07182221479880696,0.05787971411380919,3.4468811620000634
C3,1000024,0.0043439946390733866,0.026445294367478014,0.02788076731198855,3.4468811620000634
C3,1000025,0.010038314973656237,0.038773949090750416,0.025673443843812222,3.4468811620000634
C3,1000026,0.021331107777833258,0.009915293197443689,0.009869117111919005,3.4468811620000634
C3,1000027,0.06136319473495533,0.07404948705331406,0.09511441649358832,3.4468811620000634
C3,1000028,0.0477575920577759,0.008235253621814487,0.011014175052133235,3.4468811620000634
C3,1000029,0.015402229026594551,0.09027052978338777,0.09027052978338777,3.4468811620000634
C3,1000030,0.034772338190685016,0.021064815801621235,0.014011502561070881,3.4468811620000634
C3,1000031,0.01431962230270207,0.08118477079997888,0.08522848247546322,3.4468811620000634
C3,1000032,0.05713785005887566,0.1572073904159803,0.1572073904159803,3.4468811620000634
C3,1000033,0.00823444754048215,0.044713965219141116,0.03520266516962465,3.4468811620000634
C3,1000034,0.03713615445964875,0.018929427641451238,0.031083013526095413,3.4468811620000634
C3,1000035,0.056358310131004806,0.07104158657956097,0.0658722976844915,3.4468811620000634
C3,1000036,0.11763646662827264,0.09237771851107042,0.07502545401641604,3.4468811620000634
C3,1000037,0.04729127583442294,0.051245112943557145,0.05040466843739245,3.4468811620000634
C3,1000038,0.016032083991715747,0.029107663882636248,0.018465271318901688,3.4468811620000634
C3,1000039,0.0541732323918076,0.06717097437228486,0.06045315666645152,3.4468811620000634
C3,1000040,0.0023990573320106907,0.035967864570209514,0.039677765692441136,3.4468811620000634
C3,1000041,0.020049784578385937,0.040029721841949625,0.03860615133898209,3.4468811620000634
C3,1000042,0.006746125427260019,0.02084591100054541,0.022811164227493564,3.4468811620000634
C3,1000043,0.016220418025739564,0.02476442443907203,0.026888370696604325,3.4468811620000634
C3,1000044,0.0652188193145294,0.027103283425117853,0.02750054893156543,3.4468811620000634
C3,1000045,0.02924443742068026,0.026288273527885826,0.029544480321369877,3.4468811620000634
C3,1000046,0.016856150328837603,0.09739714347740311,0.10863677698974425,3.4468811620000634
C3,1000047,0.03781519338014296,0.029478970319319255,0.028362408616195718,3.4468811620000634
C3,1000048,0.025485227974466767,0.06384294378906807,0.06384294378906807,3.4468811620000634
C3,1000049,0.008055518331355298,0.021328991289193053,0.027983067225013473,3.4468811620000634
C4,1000000,0.009252292182192864,0.002846633341964463,0.0030531408320246998,3.5310977039999853
C4,1000001,0.0022816586448324164,0.00238012557762333,0.00238012557762333,3.5310977039999853
C4,1000002,0.001339464013594495,0.0008753688936340694,0.000980932549972576,3.5310977039999853
C4,1000003,0.011296882311603243,0.003189731299046949,0.003360740749346586,3.5310977039999853
C4,1000004,0.007842894370619672,0.00118923283248537,0.0015843839543915204,3.5310977039999853
C4,1000005,0.006552024592016484,0.002968516255948925,0.0026632996845430534,3.5310977039999853
C4,1000006,0.008064689843398854,0.0017044283917800691,0.001997579661499224,3.5310977039999853
C4,1000007,0.006556862744031581,0.0015477968578129267,0.0016567872328525509,3.5310977039999853
C4,1000008,0.0041212027143672746,0.001551112044901951,0.0017723034084937532,3.5310977039999853
C4,1000009,0.01603139638385124,0.0018700813373575293,0.00176482884680169,3.5310977039999853
C4,1000010,0.006479082875420081,0.0018327735906415138,0.0018327735906415138,3.5310977039999853
C4,1000011,0.009616146710336658,0.0019309527279762196,0.002291955377810272,3.5310977039999853
C4,1000012,0.01597682282511698,0.0022386216587005677,0.0022386216587005677,3.5310977039999853
C4,1000013,0.01988536568588897,0.002101478731684927,0.002275333046429482,3.5310977039999853
C4,1000014,0.0011555909959372992,0.0009882355523733834,0.0012100863449444525,3.5310977039999853
C4,1000015,0.013694348458866055,0.002244069830714836,0.0018734518176883599,3.5310977039999853
C4,1000016,0.012370571568177226,0.0029502472562749744,0.0029502472562749744,3.5310977039999853
C4,1000017,0.009938433808669147,0.001525894932417435,0.0016028625285135817,3.5310977039999853
C4,1000018,0.005735821582313844,0.0019435319242024375,0.0025555873283526946,3.5310977039999853
C4,1000019,0.006519184276727372,0.00100750972945293,0.0010639885051332359,3.5310977039999853
C4,1000020,0.002374406321361566,0.002437006015769087,0.002437006015769087,3.5310977039999853
C4,1000021,0.010213428663209786,0.00239104649134431,0.0030325076858766595,3.5310977039999853
C4,1000022,0.009885999897653985,0.0009918122060634123,0.0018326026831691246,3.5310977039999853
C4,1000023,0.006908321182611161,0.0022191356776921447,0.0022191356776921447,3.5310977039999853
C4,1000024,0.00811672342141064,0.0014457255964672297,0.0014457255964672297,3.5310977039999853
C4,1000025,0.016209811084346958,0.005256473919256572,0.004773664430211655,3.5310977039999853
C4,1000026,0.0013242225863711867,0.002027701754996352,0.002157669651878684,3.5310977039999853
C4,1000027,0.006361888291868338,0.0023517369912082232,0.002537264679495695,3.5310977039999853
C4,1000028,0.0022265741122313412,0.0015478348140952956,0.0016401181062748501,3.5310977039999853
C4,1000029,0.014101167168354056,0.003042940345884022,0.003762282525412572,3.5310977039999853
C4,1000030,0.01103273116342345,0.001077473378582834,0.0011761582991287134,3.5310977039999853
C4,1000031,0.016907633262974005,0.001548698811814801,0.0027273841999039534,3.5310977039999853
C4,1000032,0.01063245096108687,0.0038586096822673015,0.0039369903382644724,3.5310977039999853
C4,1000033,0.008794729214643348,0.00120858658015942,0.001278788832918568,3.5310977039999853
C4,1000034,0.004724860331405552,0.001473077000017059,0.0018778433951474952,3.5310977039999853
C4,1000035,0.007455503937423857,0.0016071047011689825,0.001720097939364313,3.5310977039999853
C4,1000036,0.03167338738348902,0.002942563971978241,0.002942563971978241,3.5310977039999853
C4,1000037,0.020107208191230127,0.001307307270281319,0.001307307270281319,3.5310977039999853
C4,1000038,0.012689748224630737,0.0009530704057302078,0.0010826307705075623,3.5310977039999853
C4,1000039,0.005709664964336579,0.0020611079559825804,0.0021052890574776426,3.5310977039999853
C4,1000040,0.003771874946662861,0.0022112371586997157,0.002314163428279384,3.5310977039999853
C4,1000041,0.0063278502556580254,0.00185737754091688,0.00185737754091688,3.5310977039999853
C4,1000042,0.013442683967351387,0.0018195786829928273,0.002132989978102432,3.5310977039999853
C4,1000043,0.006092067468758151,0.002009702337320235,0.002009702337320235,3.5310977039999853
C4,1000044,0.0018107608458712513,0.0013879963703573562,0.0014691751655065567,3.5310977039999853
C4,1000045,0.010513839499743147,0.0019395052298214362,0.0022788367459589238,3.5310977039999853
C4,1000046,0.0059892406708336515,0.0007643028256739051,0.0009009408855206783,3.5310977039999853
C4,1000047,0.006690985047482292,0.0022793098669238393,0.002152015764251343,3.5310977039999853
C4,1000048,0.005111978855956926,0.0031107884221897894,0.003596332027316615,3.5310977039999853
C4,1000049,0.006505627605435782,0.0004520496269576916,0.0007236207438364552,3.5310977039999853
C5,1000000,0.0096099483778051,0.006706040801698541,0.005914944554161936,2.6884703060000175
C5,1000001,0.0033060370531322308,0.004333096891419571,0.004577955107665414,2.6884703060000175
C5,1000002,0.003433232369464506,0.005070002484186117,0.004336581041272355,2.6884703060000175
C5,1000003,0.011142410096928138,0.006658308753281456,0.009451556049575061,2.6884703060000175
C5,1000004,0.008340297113138828,0.0033108344012455957,0.004059347083493369,2.6884703060000175
C5,1000005,0.004062028261527098,0.0031009412070311434,0.0029571399614838276,2.6884703060000175
C5,1000006,0.007361408950825344,0.003847449477689181,0.004363366131644249,2.6884703060000175
C5,1000007,0.005820695531219371,0.003094867596088115,0.0032454925290581788,2.6884703060000175
C5,1000008,0.0052761306384951365,0.003057983095081875,0.003057983095081875,2.6884703060000175
C5,1000009,0.013726526080536726,0.0026853460220385267,0.003387021675590835,2.6884703060000175
C5,1000010,0.0046427971426597926,0.004185800482505423,0.0036582459984026484,2.6884703060000175
C5,1000011,0.00824364884958867,0.0034164940871510355,0.0037902109117407515,2.6884703060000175
C5,1000012,0.015250155862060757,0.007294074751482706,0.010754748366830524,2.6884703060000175
C5,1000013,0.018530941490984835,0.004783373468761001,0.006373449016003983,2.6884703060000175
C5,1000014,0.0010682210683039034,0.003424688964250704,0.003479583527439242,2.6884703060000175
C5,1000015,0.010978246236461197,0.004773422666053692,0.0042527577587205346,2.6884703060000175
C5,1000016,0.010889824769008991,0.0037580830754337245,0.007526225039997649,2.6884703060000175
C5,1000017,0.00892109937106279,0.004040350811759643,0.004086145853094048,2.6884703060000175
C5,1000018,0.004573243408988778,0.006054221331888356,0.006054221331888356,2.6884703060000175
C5,1000019,0.002168191564083305,0.0034170977093033023,0.0034980575544599057,2.6884703060000175
C5,1000020,0.002703881491228201,0.0017386690759193671,0.002320625785300517,2.6884703060000175
C5,1000021,0.005986319188498887,0.0029074694182070378,0.0029074694182070378,2.6884703060000175
C5,1000022,0.009877837345463335,0.0021581662069373353,0.0021581662069373353,2.6884703060000175
C5,1000023,0.0037674089850071226,0.0030075121866354267,0.003342223206180854,2.6884703060000175
C5,1000024,0.004313026458544187,0.004952469609605851,0.004565747049973372,2.6884703060000175
C5,1000025,0.015824964677226584,0.006877023643839569,0.008298421107840601,2.6884703060000175
C5,1000026,0.002422597664126573,0.0032890952834594344,0.0036111836532786313,2.6884703060000175
C5,1000027,0.005979134885668584,0.0025975236187462574,0.002743360427512698,2.6884703060000175
C5,1000028,0.001281344049829211,0.004229962187425007,0.003981414159140479,2.6884703060000175
C5,1000029,0.01247543361216031,0.006063596511523132,0.0063333136582802456,2.6884703060000175
C5,1000030,0.007109758814766466,0.00307641132842866,0.003216085236337107,2.6884703060000175
C5,1000031,0.017897723207165137,0.007708964489708454,0.008996672069491733,2.6884703060000175
C5,1000032,0.009897628984098614,0.006420858738430592,0.0074584344357926146,2.6884703060000175
C5,1000033,0.0065907595424686116,0.0026579778167831534,0.0027175000676157033,2.6884703060000175
C5,1000034,0.0006510374789970204,0.004478721050463313,0.004478721050463313,2.6884703060000175
C5,1000035,0.007797426628121522,0.002629059489092727,0.0038096207712701173,2.6884703060000175
C5,1000036,0.02192617490741964,0.0025912529805909483,0.003088465558350276,2.6884703060000175
C5,1000037,0.01766723717386472,0.005183376643500439,0.00810577394231491,2.6884703060000175
C5,1000038,0.008734237641376366,0.003332625998641859,0.003691694735079283,2.6884703060000175
C5,1000039,0.004962817581278831,0.004247459930157535,0.004039424019012778,2.6884703060000175
C5,1000040,0.0022780711051218674,0.0038596560686105738,0.0040575322507194235,2.6884703060000175
C5,1000041,0.006455306758362897,0.0029197606053625474,0.003301423369522702,2.6884703060000175
C5,1000042,0.01245860538065971,0.003511499116481356,0.006149779502277931,2.6884703060000175
C5,1000043,0.006335102787775296,0.002330433902253374,0.0031277061812011574,2.6884703060000175
C5,1000044,0.0010846461689440958,0.004751695346233008,0.004751695346233008,2.6884703060000175
C5,1000045,0.008389024795830128,0.0031731114337272192,0.0036794764493769967,2.6884703060000175
C5,1000046,0.0032792966592326478,0.0016675545996806757,0.0020550638433742964,2.6884703060000175
C5,1000047,0.00539655201548328,0.0043924021747628215,0.00451008483394983,2.6884703060000175
C5,1000048,0.004422381329879476,0.004956519408180634,0.004702825963847879,2.6884703060000175
C5,1000049,0.005074936726747084,0.003927300018789408,0.004213117920770596,2.6884703060000175
