family,backbone,n_train,instance_seed,l1,seconds
heat_phi,per_phi,0,1000000,0.001176744623505408,0.1063641859999916
heat_phi,per_phi,0,1000001,0.0020001160837027805,0.18285176199999115
heat_phi,per_phi,0,1000002,0.0012091930806081268,0.2595128040000054
heat_phi,per_phi,0,1000003,0.001071316896823746,0.33554273000001555
heat_phi,per_phi,0,1000004,0.0010689867672336046,0.41197427400002196
heat_phi,per_phi,0,1000005,0.0012045733140425448,0.48922785800001295
heat_phi,per_phi,0,1000006,0.002511901836242583,0.5669406139999773
heat_phi,per_phi,0,1000007,0.0016577747825448554,0.6443506740000157
heat_phi,per_phi,0,1000008,0.0009806378825228373,0.7220293620000302
heat_phi,per_phi,0,1000009,0.0017311740573576287,0.798974154000025
heat_phi,per_phi,0,1000010,0.0011789417324361692,0.8766717400000198
heat_phi,per_phi,0,1000011,0.0020868867496502863,0.9540635720000137
heat_phi,per_phi,0,1000012,0.0012042341170466987,1.0313303079999605
heat_phi,per_phi,0,1000013,0.0008640942733986036,1.108026355999973
heat_phi,per_phi,0,1000014,0.0011568069975639173,1.1844256699999824
heat_phi,per_phi,0,1000015,0.001179983720347075,1.2609040020000248
heat_phi,per_phi,0,1000016,0.0010090509838529727,1.3375138760000118
heat_phi,per_phi,0,1000017,0.0010849601038386556,1.413774360000025
heat_phi,per_phi,0,1000018,0.0008367241524656943,1.4896971839999607
heat_phi,per_phi,0,1000019,0.0015336110332095862,1.56533013399996
heat_phi,per_phi,0,1000020,0.0010777279473792268,1.6416446359999828
heat_phi,per_phi,0,1000021,0.0016212711222098487,1.7182406040000204
heat_phi,per_phi,0,1000022,0.001914568202110205,1.7944343279999884
heat_phi,per_phi,0,1000023,0.0011691726425962332,1.8704810539999743
heat_phi,per_phi,0,1000024,0.001242824405314635,1.946512733999989
heat_phi,per_phi,0,1000025,0.002217381333543903,2.021927088000011
heat_phi,per_phi,0,1000026,0.001828680605018253,2.0978228539999693
heat_phi,per_phi,0,1000027,0.0013376152769660765,2.173449477999966
heat_phi,per_phi,0,1000028,0.0007412054012352259,2.2498554380000133
heat_phi,per_phi,0,1000029,0.001212554237385049,2.326014809999979
heat_phi,per_phi,0,1000030,0.001501620448975242,2.4015731239999876
heat_phi,per_phi,0,1000031,0.0017175290235611114,2.47782495200001
heat_phi,per_phi,0,1000032,0.0011995238057821056,2.553625317999977
heat_phi,per_phi,0,1000033,0.0009972397537627768,2.6297342979999665
heat_phi,per_phi,0,1000034,0.0015689698440245047,2.705817046000011
heat_phi,per_phi,0,1000035,0.0015480857413896268,2.7823163580000254
heat_phi,per_phi,0,1000036,0.0009498995763851936,2.8580125959999716
heat_phi,per_phi,0,1000037,0.0014170726545159411,2.933750591999997
heat_phi,per_phi,0,1000038,0.0019084270774481567,3.0099254500000097
heat_phi,per_phi,0,1000039,0.0015803092806643178,3.0862856040000044
heat_phi,per_phi,0,1000040,0.0016200285279146665,3.1627287899999645
heat_phi,per_phi,0,1000041,0.0007597313490505309,3.2394082679999703
heat_phi,per_phi,0,1000042,0.0010157675461551809,3.315559346000009
heat_phi,per_phi,0,1000043,0.0012587922190743196,3.393979522000009
heat_phi,per_phi,0,1000044,0.0013707765825628987,3.4706283660000192
heat_phi,per_phi,0,1000045,0.001259724299536278,3.5465916180000203
heat_phi,per_phi,0,1000046,0.0014037153066068953,3.6225124459999645
heat_phi,per_phi,0,1000047,0.0013992639023681869,3.698984847999964
heat_phi,per_phi,0,1000048,0.001908055506250305,3.7743726459999745
heat_phi,per_phi,0,1000049,0.002194626773530782,3.850254973999981
heat_phi,deeponet,250,1000000,0.004248204101506323,0.8093385339999805
heat_phi,deeponet,250,1000001,0.005316951381368171,0.8093385339999805
heat_phi,deeponet,250,1000002,0.008394663335041515,0.8093385339999805
heat_phi,deeponet,250,1000003,0.008141660087672383,0.8093385339999805
heat_phi,deeponet,250,1000004,0.008860828258910918,0.8093385339999805
heat_phi,deeponet,250,1000005,0.0027706571859368086,0.8093385339999805
heat_phi,deeponet,250,1000006,0.014667066956773351,0.8093385339999805
heat_phi,deeponet,250,1000007,0.004614010386994901,0.8093385339999805
heat_phi,deeponet,250,1000008,0.0036863552710700745,0.8093385339999805
heat_phi,deeponet,250,1000009,0.00352423027239103,0.8093385339999805
heat_phi,deeponet,250,1000010,0.0021145209189934087,0.8093385339999805
heat_phi,deeponet,250,1000011,0.010389804329321368,0.8093385339999805
heat_phi,deeponet,250,1000012,0.00552782396736245,0.8093385339999805
heat_phi,deeponet,250,1000013,0.0032152747837175385,0.8093385339999805
heat_phi,deeponet,250,1000014,0.004684297892739622,0.8093385339999805
heat_phi,deeponet,250,1000015,0.004211144205402,0.8093385339999805
heat_phi,deeponet,250,1000016,0.008115582296010353,0.8093385339999805
heat_phi,deeponet,250,1000017,0.004046473809350431,0.8093385339999805
heat_phi,deeponet,250,1000018,0.002692813839829072,0.8093385339999805
heat_phi,deeponet,250,1000019,0.0018079040527301663,0.8093385339999805
heat_phi,deeponet,250,1000020,0.008511100987387334,0.8093385339999805
heat_phi,deeponet,250,1000021,0.0060862994957569345,0.8093385339999805
heat_phi,deeponet,250,1000022,0.01244193037288665,0.8093385339999805
heat_phi,deeponet,250,1000023,0.004564954324338243,0.8093385339999805
heat_phi,deeponet,250,1000024,0.00275179516315783,0.8093385339999805
heat_phi,deeponet,250,1000025,0.008275531136758168,0.8093385339999805
heat_phi,deeponet,250,1000026,0.005772432062360991,0.8093385339999805
heat_phi,deeponet,250,1000027,0.010078726699851319,0.8093385339999805
heat_phi,deeponet,250,1000028,0.008098673712341565,0.8093385339999805
heat_phi,deeponet,250,1000029,0.005114582795526962,0.8093385339999805
heat_phi,deeponet,250,1000030,0.00517942698706709,0.8093385339999805
heat_phi,deeponet,250,1000031,0.0038109319518527824,0.8093385339999805
heat_phi,deeponet,250,1000032,0.003592763638769862,0.8093385339999805
heat_phi,deeponet,250,1000033,0.005243732050334609,0.8093385339999805
heat_phi,deeponet,250,1000034,0.00478996975067817,0.8093385339999805
heat_phi,deeponet,250,1000035,0.003652755976100482,0.8093385339999805
heat_phi,deeponet,250,1000036,0.00887276502005963,0.8093385339999805
heat_phi,deeponet,250,1000037,0.010332415514035064,0.8093385339999805
heat_phi,deeponet,250,1000038,0.013558579525539193,0.8093385339999805
heat_phi,deeponet,250,1000039,0.005677896671207685,0.8093385339999805
heat_phi,deeponet,250,1000040,0.004808288409900115,0.8093385339999805
heat_phi,deeponet,250,1000041,0.009753142226881511,0.8093385339999805
heat_phi,deeponet,250,1000042,0.0035494234425187464,0.8093385339999805
heat_phi,deeponet,250,1000043,0.006785949294821725,0.8093385339999805
heat_phi,deeponet,250,1000044,0.008255265921582657,0.8093385339999805
heat_phi,deeponet,250,1000045,0.009629683408192197,0.8093385339999805
heat_phi,deeponet,250,1000046,0.010039368737311295,0.8093385339999805
heat_phi,deeponet,250,1000047,0.013680015368964162,0.8093385339999805
heat_phi,deeponet,250,1000048,0.01227345334578319,0.8093385339999805
heat_phi,deeponet,250,1000049,0.018821565333209785,0.8093385339999805
heat_phi,fno,250,1000000,0.0012754844374391599,1.6595882559999882
heat_phi,fno,250,1000001,0.0024015453631950102,1.6595882559999882
heat_phi,fno,250,1000002,0.003043362063319124,1.6595882559999882
heat_phi,fno,250,1000003,0.0015629777812992537,1.6595882559999882
heat_phi,fno,250,1000004,0.0015858153824048176,1.6595882559999882
heat_phi,fno,250,1000005,0.0010419078284794718,1.6595882559999882
heat_phi,fno,250,1000006,0.003563126478052905,1.6595882559999882
heat_phi,fno,250,1000007,0.0022090723687336355,1.6595882559999882
heat_phi,fno,250,1000008,0.0009933744144202728,1.6595882559999882
heat_phi,fno,250,1000009,0.0012305319696182232,1.6595882559999882
heat_phi,fno,250,1000010,0.0014308479341817036,1.6595882559999882
heat_phi,fno,250,1000011,0.003783572738209027,1.6595882559999882
heat_phi,fno,250,1000012,0.002497694432584053,1.6595882559999882
heat_phi,fno,250,1000013,0.001252853429609146,1.6595882559999882
heat_phi,fno,250,1000014,0.0017786568945883901,1.6595882559999882
heat_phi,fno,250,1000015,0.0013763518968177072,1.6595882559999882
heat_phi,fno,250,1000016,0.0016211231265868356,1.6595882559999882
heat_phi,fno,250,1000017,0.0014786363787245979,1.6595882559999882
heat_phi,fno,250,1000018,0.0012278066706009813,1.6595882559999882
heat_phi,fno,250,1000019,0.0014150978159593185,1.6595882559999882
heat_phi,fno,250,1000020,0.0015527001587783426,1.6595882559999882
heat_phi,fno,250,1000021,0.0020132206780842073,1.6595882559999882
heat_phi,fno,250,1000022,0.0018598335645625482,1.6595882559999882
heat_phi,fno,250,1000023,0.0014037681987346614,1.6595882559999882
heat_phi,fno,250,1000024,0.001198931673530138,1.6595882559999882
heat_phi,fno,250,1000025,0.002833312456038314,1.6595882559999882
heat_phi,fno,250,1000026,0.0013195080332442791,1.6595882559999882
heat_phi,fno,250,1000027,0.001657605420630136,1.6595882559999882
heat_phi,fno,250,1000028,0.001407355547246372,1.6595882559999882
heat_phi,fno,250,1000029,0.0013032515888891508,1.6595882559999882
heat_phi,fno,250,1000030,0.0013588734500347738,1.6595882559999882
heat_phi,fno,250,1000031,0.0014193398353186495,1.6595882559999882
heat_phi,fno,250,1000032,0.0013816661580865351,1.6595882559999882
heat_phi,fno,250,1000033,0.0011914408920230238,1.6595882559999882
heat_phi,fno,250,1000034,0.0018242361422857068,1.6595882559999882
heat_phi,fno,250,1000035,0.000937587236098449,1.6595882559999882
heat_phi,fno,250,1000036,0.0019795297583865435,1.6595882559999882
heat_phi,fno,250,1000037,0.0023399554242054172,1.6595882559999882
heat_phi,fno,250,1000038,0.003217918484660752,1.6595882559999882
heat_phi,fno,250,1000039,0.002561226887856029,1.6595882559999882
heat_phi,fno,250,1000040,0.001850094215493514,1.6595882559999882
heat_phi,fno,250,1000041,0.0014504337454252505,1.6595882559999882
heat_phi,fno,250,1000042,0.001749793550471735,1.6595882559999882
heat_phi,fno,250,1000043,0.0014757780773947662,1.6595882559999882
heat_phi,fno,250,1000044,0.001962309047262526,1.6595882559999882
heat_phi,fno,250,1000045,0.0017853830674970813,1.6595882559999882
heat_phi,fno,250,1000046,0.0025233248482083234,1.6595882559999882
heat_phi,fno,250,1000047,0.0022564333260031134,1.6595882559999882
heat_phi,fno,250,1000048,0.0029336687263674414,1.6595882559999882
heat_phi,fno,250,1000049,0.00418353247184213,1.6595882559999882
heat_phi,attn,250,1000000,0.0019876287571104954,3.6794774859999597
heat_phi,attn,250,1000001,0.0015532745232906063,3.6794774859999597
heat_phi,attn,250,1000002,0.0030277378355044,3.6794774859999597
heat_phi,attn,250,1000003,0.001978570711914806,3.6794774859999597
heat_phi,attn,250,1000004,0.001496689651695527,3.6794774859999597
heat_phi,attn,250,1000005,0.0015612209502107808,3.6794774859999597
heat_phi,attn,250,1000006,0.0029281158984232353,3.6794774859999597
heat_phi,attn,250,1000007,0.001945625387775426,3.6794774859999597
heat_phi,attn,250,1000008,0.0015365607297163734,3.6794774859999597
heat_phi,attn,250,1000009,0.0012987138726051983,3.6794774859999597
heat_phi,attn,250,1000010,0.0015572663702954916,3.6794774859999597
heat_phi,attn,250,1000011,0.0047446119885036575,3.6794774859999597
heat_phi,attn,250,1000012,0.0020210212118377383,3.6794774859999597
heat_phi,attn,250,1000013,0.001447246716618166,3.6794774859999597
heat_phi,attn,250,1000014,0.0024324436072127096,3.6794774859999597
heat_phi,attn,250,1000015,0.0013290682605995774,3.6794774859999597
heat_phi,attn,250,1000016,0.0022585975587283806,3.6794774859999597
heat_phi,attn,250,1000017,0.0013688813175938047,3.6794774859999597
heat_phi,attn,250,1000018,0.002351961748584769,3.6794774859999597
heat_phi,attn,250,1000019,0.0019541847340004623,3.6794774859999597
heat_phi,attn,250,1000020,0.0019444585040434908,3.6794774859999597
heat_phi,attn,250,1000021,0.002598971958626498,3.6794774859999597
heat_phi,attn,250,1000022,0.003796281211857898,3.6794774859999597
heat_phi,attn,250,1000023,0.0014564148354251378,3.6794774859999597
heat_phi,attn,250,1000024,0.0012507949393885294,3.6794774859999597
heat_phi,attn,250,1000025,0.00169507579299726,3.6794774859999597
heat_phi,attn,250,1000026,0.001929926142400092,3.6794774859999597
heat_phi,attn,250,1000027,0.0024050475551117903,3.6794774859999597
heat_phi,attn,250,1000028,0.0023003011143178527,3.6794774859999597
heat_phi,attn,250,1000029,0.0015357520971446836,3.6794774859999597
heat_phi,attn,250,1000030,0.0017165464971289263,3.6794774859999597
heat_phi,attn,250,1000031,0.0035818383715238377,3.6794774859999597
heat_phi,attn,250,1000032,0.0016543073055854732,3.6794774859999597
heat_phi,attn,250,1000033,0.0014249390620034938,3.6794774859999597
heat_phi,attn,250,1000034,0.003248797019702681,3.6794774859999597
heat_phi,attn,250,1000035,0.0014794734209044769,3.6794774859999597
heat_phi,attn,250,1000036,0.001863992362377726,3.6794774859999597
heat_phi,attn,250,1000037,0.0021132377601802326,3.6794774859999597
heat_phi,attn,250,1000038,0.005266996263333153,3.6794774859999597
heat_phi,attn,250,1000039,0.0016193349824205577,3.6794774859999597
heat_phi,attn,250,1000040,0.0017843190830631706,3.6794774859999597
heat_phi,attn,250,1000041,0.0033943028237645024,3.6794774859999597
heat_phi,attn,250,1000042,0.0023677686401201463,3.6794774859999597
heat_phi,attn,250,1000043,0.001959181436309632,3.6794774859999597
heat_phi,attn,250,1000044,0.0018493258823433112,3.6794774859999597
heat_phi,attn,250,1000045,0.002553214311169063,3.6794774859999597
heat_phi,attn,250,1000046,0.0028526781882786366,3.6794774859999597
heat_phi,attn,250,1000047,0.0024101970245971665,3.6794774859999597
heat_phi,attn,250,1000048,0.0033126565249733033,3.6794774859999597
heat_phi,attn,250,1000049,0.006257407125958203,3.6794774859999597
heat_phi,deeponet,500,1000000,0.002455554968908199,0.862939514000027
heat_phi,deeponet,500,1000001,0.004126830457506115,0.862939514000027
heat_phi,deeponet,500,1000002,0.0080794154659703,0.862939514000027
heat_phi,deeponet,500,1000003,0.00261846633212202,0.862939514000027
heat_phi,deeponet,500,1000004,0.0022260219188352673,0.862939514000027
heat_phi,deeponet,500,1000005,0.0024400822229166497,0.862939514000027
heat_phi,deeponet,500,1000006,0.0061119008228928285,0.862939514000027
heat_phi,deeponet,500,1000007,0.0034057667946829915,0.862939514000027
heat_phi,deeponet,500,1000008,0.001202016932422468,0.862939514000027
heat_phi,deeponet,500,1000009,0.0013946969495678466,0.862939514000027
heat_phi,deeponet,500,1000010,0.0015222933267653113,0.862939514000027
heat_phi,deeponet,500,1000011,0.008761621031859429,0.862939514000027
heat_phi,deeponet,500,1000012,0.00278273573373734,0.862939514000027
heat_phi,deeponet,500,1000013,0.002157896475259471,0.862939514000027
heat_phi,deeponet,500,1000014,0.0028619438238762576,0.862939514000027
heat_phi,deeponet,500,1000015,0.001705995769885458,0.862939514000027
heat_phi,deeponet,500,1000016,0.00479493310071138,0.862939514000027
heat_phi,deeponet,500,1000017,0.0019751133625324846,0.862939514000027
heat_phi,deeponet,500,1000018,0.001784187969039704,0.862939514000027
heat_phi,deeponet,500,1000019,0.0024659879628169323,0.862939514000027
heat_phi,deeponet,500,1000020,0.002184463031356894,0.862939514000027
heat_phi,deeponet,500,1000021,0.002160287915233983,0.862939514000027
heat_phi,deeponet,500,1000022,0.002530294546579587,0.862939514000027
heat_phi,deeponet,500,1000023,0.0021197611628699345,0.862939514000027
heat_phi,deeponet,500,1000024,0.0013006343432515487,0.862939514000027
heat_phi,deeponet,500,1000025,0.005517393622909969,0.862939514000027
heat_phi,deeponet,500,1000026,0.0026905669784210782,0.862939514000027
heat_phi,deeponet,500,1000027,0.0029438052721486316,0.862939514000027
heat_phi,deeponet,500,1000028,0.0012836029068276859,0.862939514000027
heat_phi,deeponet,500,1000029,0.001535239024311205,0.862939514000027
heat_phi,deeponet,500,1000030,0.001131703418643607,0.862939514000027
heat_phi,deeponet,500,1000031,0.0016872431001276889,0.862939514000027
heat_phi,deeponet,500,1000032,0.0029232969707044952,0.862939514000027
heat_phi,deeponet,500,1000033,0.0023471328889178343,0.862939514000027
heat_phi,deeponet,500,1000034,0.0023680746552329087,0.862939514000027
heat_phi,deeponet,500,1000035,0.0012806794818190578,0.862939514000027
heat_phi,deeponet,500,1000036,0.002164099485669986,0.862939514000027
heat_phi,deeponet,500,1000037,0.0034675886652184617,0.862939514000027
heat_phi,deeponet,500,1000038,0.004369321804013155,0.862939514000027
heat_phi,deeponet,500,1000039,0.0024506240013271305,0.862939514000027
heat_phi,deeponet,500,1000040,0.001936904353798887,0.862939514000027
heat_phi,deeponet,500,1000041,0.0029117653510696176,0.862939514000027
heat_phi,deeponet,500,1000042,0.002879689302095255,0.862939514000027
heat_phi,deeponet,500,1000043,0.0042776100256907675,0.862939514000027
heat_phi,deeponet,500,1000044,0.0034122847862612785,0.862939514000027
heat_phi,deeponet,500,1000045,0.001859855031935298,0.862939514000027
heat_phi,deeponet,500,1000046,0.003841022580620756,0.862939514000027
heat_phi,deeponet,500,1000047,0.0032443754339453483,0.862939514000027
heat_phi,deeponet,500,1000048,0.005782584976871591,0.862939514000027
heat_phi,deeponet,500,1000049,0.01186864181134073,0.862939514000027
heat_phi,fno,500,1000000,0.0008740921419803493,1.7299649119999958
heat_phi,fno,500,1000001,0.0014546034873196127,1.7299649119999958
heat_phi,fno,500,1000002,0.0019289276518865029,1.7299649119999958
heat_phi,fno,500,1000003,0.001067536390305248,1.7299649119999958
heat_phi,fno,500,1000004,0.0011103491862628795,1.7299649119999958
heat_phi,fno,500,1000005,0.0008993694430379671,1.7299649119999958
heat_phi,fno,500,1000006,0.002259287205333564,1.7299649119999958
heat_phi,fno,500,1000007,0.0011315753058139084,1.7299649119999958
heat_phi,fno,500,1000008,0.0006747258679411243,1.7299649119999958
heat_phi,fno,500,1000009,0.0007647538291575468,1.7299649119999958
heat_phi,fno,500,1000010,0.0009351263307104547,1.7299649119999958
heat_phi,fno,500,1000011,0.0023422914521186024,1.7299649119999958
heat_phi,fno,500,1000012,0.00143002613745399,1.7299649119999958
heat_phi,fno,500,1000013,0.0007929565478641853,1.7299649119999958
heat_phi,fno,500,1000014,0.0014804663645209516,1.7299649119999958
heat_phi,fno,500,1000015,0.0010069430183848615,1.7299649119999958
heat_phi,fno,500,1000016,0.0010759256875921693,1.7299649119999958
heat_phi,fno,500,1000017,0.0010933327417382728,1.7299649119999958
heat_phi,fno,500,1000018,0.0008647316555529307,1.7299649119999958
heat_phi,fno,500,1000019,0.0010964889696686532,1.7299649119999958
heat_phi,fno,500,1000020,0.0011627180991033868,1.7299649119999958
heat_phi,fno,500,1000021,0.0012404007010062745,1.7299649119999958
heat_phi,fno,500,1000022,0.0011785374497133901,1.7299649119999958
heat_phi,fno,500,1000023,0.0007309165810300812,1.7299649119999958
heat_phi,fno,500,1000024,0.0012766623530556791,1.7299649119999958
heat_phi,fno,500,1000025,0.0020834869515754923,1.7299649119999958
heat_phi,fno,500,1000026,0.00110657526922728,1.7299649119999958
heat_phi,fno,500,1000027,0.001294333906597108,1.7299649119999958
heat_phi,fno,500,1000028,0.0010685743442250897,1.7299649119999958
heat_phi,fno,500,1000029,0.0011190738386074469,1.7299649119999958
heat_phi,fno,500,1000030,0.0009661351564518122,1.7299649119999958
heat_phi,fno,500,1000031,0.0010294323990990219,1.7299649119999958
heat_phi,fno,500,1000032,0.0009834883661315745,1.7299649119999958
heat_phi,fno,500,1000033,0.0007614547097505842,1.7299649119999958
heat_phi,fno,500,1000034,0.0011209273757321818,1.7299649119999958
heat_phi,fno,500,1000035,0.0009177936425017413,1.7299649119999958
heat_phi,fno,500,1000036,0.0011767893230128677,1.7299649119999958
heat_phi,fno,500,1000037,0.0012184409955413235,1.7299649119999958
heat_phi,fno,500,1000038,0.0023658873691635766,1.7299649119999958
heat_phi,fno,500,1000039,0.0016423164674859879,1.7299649119999958
heat_phi,fno,500,1000040,0.0013738395388632348,1.7299649119999958
heat_phi,fno,500,1000041,0.0009958011058521007,1.7299649119999958
heat_phi,fno,500,1000042,0.0009597518724686316,1.7299649119999958
heat_phi,fno,500,1000043,0.001139019002738207,1.7299649119999958
heat_phi,fno,500,1000044,0.0014474248953240186,1.7299649119999958
heat_phi,fno,500,1000045,0.0009615816700061652,1.7299649119999958
heat_phi,fno,500,1000046,0.0013958444151111367,1.7299649119999958
heat_phi,fno,500,1000047,0.0015951774990765016,1.7299649119999958
heat_phi,fno,500,1000048,0.002269332585867599,1.7299649119999958
heat_phi,fno,500,1000049,0.0026330087282245796,1.7299649119999958
heat_phi,attn,500,1000000,0.001536693439355914,3.7622099660000092
heat_phi,attn,500,1000001,0.0015539971812486336,3.7622099660000092
heat_phi,attn,500,1000002,0.001556886173266908,3.7622099660000092
heat_phi,attn,500,1000003,0.0008822330792040511,3.7622099660000092
heat_phi,attn,500,1000004,0.000885324617353157,3.7622099660000092
heat_phi,attn,500,1000005,0.0007026767817241972,3.7622099660000092
heat_phi,attn,500,1000006,0.0016725986864883447,3.7622099660000092
heat_phi,attn,500,1000007,0.0015098749293433714,3.7622099660000092
heat_phi,attn,500,1000008,0.001044095672703204,3.7622099660000092
heat_phi,attn,500,1000009,0.0009119641945030164,3.7622099660000092
heat_phi,attn,500,1000010,0.0009735296559216918,3.7622099660000092
heat_phi,attn,500,1000011,0.0026187753450831706,3.7622099660000092
heat_phi,attn,500,1000012,0.0013311872216939422,3.7622099660000092
heat_phi,attn,500,1000013,0.0011253016155390583,3.7622099660000092
heat_phi,attn,500,1000014,0.0014940140814865203,3.7622099660000092
heat_phi,attn,500,1000015,0.0007026163864403978,3.7622099660000092
heat_phi,attn,500,1000016,0.0012171863863287393,3.7622099660000092
heat_phi,attn,500,1000017,0.0010064215696400794,3.7622099660000092
heat_phi,attn,500,1000018,0.00146323936198069,3.7622099660000092
heat_phi,attn,500,1000019,0.001020647163592416,3.7622099660000092
heat_phi,attn,500,1000020,0.0013129888336062547,3.7622099660000092
heat_phi,attn,500,1000021,0.0014709195364047394,3.7622099660000092
heat_phi,attn,500,1000022,0.002487834858360016,3.7622099660000092
heat_phi,attn,500,1000023,0.0007756148038963127,3.7622099660000092
heat_phi,attn,500,1000024,0.0010318979877842992,3.7622099660000092
heat_phi,attn,500,1000025,0.0013317570528138458,3.7622099660000092
heat_phi,attn,500,1000026,0.001280848388685301,3.7622099660000092
heat_phi,attn,500,1000027,0.001025826164254864,3.7622099660000092
heat_phi,attn,500,1000028,0.0009930516059249248,3.7622099660000092
heat_phi,attn,500,1000029,0.0007615803254417047,3.7622099660000092
heat_phi,attn,500,1000030,0.0010515835914670277,3.7622099660000092
heat_phi,attn,500,1000031,0.0028125822025399194,3.7622099660000092
heat_phi,attn,500,1000032,0.0008164825737627656,3.7622099660000092
heat_phi,attn,500,1000033,0.001066777612314437,3.7622099660000092
heat_phi,attn,500,1000034,0.0013376129069249242,3.7622099660000092
heat_phi,attn,500,1000035,0.0011200540910599826,3.7622099660000092
heat_phi,attn,500,1000036,0.0014480263773421695,3.7622099660000092
heat_phi,attn,500,1000037,0.0014490243281226895,3.7622099660000092
heat_phi,attn,500,1000038,0.0018274951401342878,3.7622099660000092
heat_phi,attn,500,1000039,0.0010775497630499814,3.7622099660000092
heat_phi,attn,500,1000040,0.001470477173208242,3.7622099660000092
heat_phi,attn,500,1000041,0.0015237177141985382,3.7622099660000092
heat_phi,attn,500,1000042,0.0016392637892053612,3.7622099660000092
heat_phi,attn,500,1000043,0.0013046003858560448,3.7622099660000092
heat_phi,attn,500,1000044,0.0010789769684784187,3.7622099660000092
heat_phi,attn,500,1000045,0.0011808471109264647,3.7622099660000092
heat_phi,attn,500,1000046,0.001754132753441046,3.7622099660000092
heat_phi,attn,500,1000047,0.0014279642335264158,3.7622099660000092
heat_phi,attn,500,1000048,0.0011047754936860203,3.7622099660000092
heat_phi,attn,500,1000049,0.002659139771278964,3.7622099660000092
heat_phi,deeponet,1000,1000000,0.0017327485533738436,0.9032247039999493
heat_phi,deeponet,1000,1000001,0.002057480611521008,0.9032247039999493
heat_phi,deeponet,1000,1000002,0.002787835013980882,0.9032247039999493
heat_phi,deeponet,1000,1000003,0.0012319785953392522,0.9032247039999493
heat_phi,deeponet,1000,1000004,0.0011983790900467152,0.9032247039999493
heat_phi,deeponet,1000,1000005,0.0013188959943686276,0.9032247039999493
heat_phi,deeponet,1000,1000006,0.002926936941947668,0.9032247039999493
heat_phi,deeponet,1000,1000007,0.001651437798966205,0.9032247039999493
heat_phi,deeponet,1000,1000008,0.0007427089679033756,0.9032247039999493
heat_phi,deeponet,1000,1000009,0.0014359218773978162,0.9032247039999493
heat_phi,deeponet,1000,1000010,0.0009835075836776635,0.9032247039999493
heat_phi,deeponet,1000,1000011,0.003162164011600642,0.9032247039999493
heat_phi,deeponet,1000,1000012,0.002368382845061325,0.9032247039999493
heat_phi,deeponet,1000,1000013,0.000977036767080221,0.9032247039999493
heat_phi,deeponet,1000,1000014,0.0010460806691422883,0.9032247039999493
heat_phi,deeponet,1000,1000015,0.0011224802592004893,0.9032247039999493
heat_phi,deeponet,1000,1000016,0.0016105094063415377,0.9032247039999493
heat_phi,deeponet,1000,1000017,0.0009998467341958005,0.9032247039999493
heat_phi,deeponet,1000,1000018,0.0013381743270044475,0.9032247039999493
heat_phi,deeponet,1000,1000019,0.001510525611761756,0.9032247039999493
heat_phi,deeponet,1000,1000020,0.0013093889421843324,0.9032247039999493
heat_phi,deeponet,1000,1000021,0.0019549764080637423,0.9032247039999493
heat_phi,deeponet,1000,1000022,0.00273195307801777,0.9032247039999493
heat_phi,deeponet,1000,1000023,0.0011010778860892044,0.9032247039999493
heat_phi,deeponet,1000,1000024,0.0012580070327246422,0.9032247039999493
heat_phi,deeponet,1000,1000025,0.0031035927753883647,0.9032247039999493
heat_phi,deeponet,1000,1000026,0.0012811296584720937,0.9032247039999493
heat_phi,deeponet,1000,1000027,0.0018533904462076935,0.9032247039999493
heat_phi,deeponet,1000,1000028,0.0013164840912482224,0.9032247039999493
heat_phi,deeponet,1000,1000029,0.0007329371087674709,0.9032247039999493
heat_phi,deeponet,1000,1000030,0.0017914075584035479,0.9032247039999493
heat_phi,deeponet,1000,1000031,0.0017477074117962462,0.9032247039999493
heat_phi,deeponet,1000,1000032,0.0016842535901218458,0.9032247039999493
heat_phi,deeponet,1000,1000033,0.001445839926463544,0.9032247039999493
heat_phi,deeponet,1000,1000034,0.001196469592638497,0.9032247039999493
heat_phi,deeponet,1000,1000035,0.0009265956513490214,0.9032247039999493
heat_phi,deeponet,1000,1000036,0.002246704648710418,0.9032247039999493
heat_phi,deeponet,1000,1000037,0.0031411228865336044,0.9032247039999493
heat_phi,deeponet,1000,1000038,0.003533438605509311,0.9032247039999493
heat_phi,deeponet,1000,1000039,0.0021368665699978747,0.9032247039999493
heat_phi,deeponet,1000,1000040,0.0018785052732282006,0.9032247039999493
heat_phi,deeponet,1000,1000041,0.0017607492048706175,0.9032247039999493
heat_phi,deeponet,1000,1000042,0.0021620181925886156,0.9032247039999493
heat_phi,deeponet,1000,1000043,0.0016630410432402797,0.9032247039999493
heat_phi,deeponet,1000,1000044,0.002334958163802118,0.9032247039999493
heat_phi,deeponet,1000,1000045,0.0017369333687790463,0.9032247039999493
heat_phi,deeponet,1000,1000046,0.002969120290165016,0.9032247039999493
heat_phi,deeponet,1000,1000047,0.0027431409610301667,0.9032247039999493
heat_phi,deeponet,1000,1000048,0.004869905876364703,0.9032247039999493
heat_phi,deeponet,1000,1000049,0.007703297856776279,0.9032247039999493
heat_phi,fno,1000,1000000,0.0007028299722221007,1.7456793099999777
heat_phi,fno,1000,1000001,0.0011065908889158391,1.7456793099999777
heat_phi,fno,1000,1000002,0.0011779986560940818,1.7456793099999777
heat_phi,fno,1000,1000003,0.0006153600767076581,1.7456793099999777
heat_phi,fno,1000,1000004,0.0009521042059409052,1.7456793099999777
heat_phi,fno,1000,1000005,0.000653214457124376,1.7456793099999777
heat_phi,fno,1000,1000006,0.0017476617385138154,1.7456793099999777
heat_phi,fno,1000,1000007,0.0008540165713743804,1.7456793099999777
heat_phi,fno,1000,1000008,0.0004936070674390033,1.7456793099999777
heat_phi,fno,1000,1000009,0.0006946858665716327,1.7456793099999777
heat_phi,fno,1000,1000010,0.0007278401494145309,1.7456793099999777
heat_phi,fno,1000,1000011,0.001614413914174018,1.7456793099999777
heat_phi,fno,1000,1000012,0.0008626645358832948,1.7456793099999777
heat_phi,fno,1000,1000013,0.0006890575792425121,1.7456793099999777
heat_phi,fno,1000,1000014,0.000740096172270699,1.7456793099999777
heat_phi,fno,1000,1000015,0.0006703724442296154,1.7456793099999777
heat_phi,fno,1000,1000016,0.0008636991097666072,1.7456793099999777
heat_phi,fno,1000,1000017,0.0007918140728319987,1.7456793099999777
heat_phi,fno,1000,1000018,0.0005480395690563114,1.7456793099999777
heat_phi,fno,1000,1000019,0.0009335699677230866,1.7456793099999777
heat_phi,fno,1000,1000020,0.000731764940310874,1.7456793099999777
heat_phi,fno,1000,1000021,0.0009725059803776718,1.7456793099999777
heat_phi,fno,1000,1000022,0.0009564792987876769,1.7456793099999777
heat_phi,fno,1000,1000023,0.000794633877591278,1.7456793099999777
heat_phi,fno,1000,1000024,0.000806237670381383,1.7456793099999777
heat_phi,fno,1000,1000025,0.0011128498116938679,1.7456793099999777
heat_phi,fno,1000,1000026,0.0009505110848636366,1.7456793099999777
heat_phi,fno,1000,1000027,0.0007385265998357918,1.7456793099999777
heat_phi,fno,1000,1000028,0.0007942357869620228,1.7456793099999777
heat_phi,fno,1000,1000029,0.0007130635064754734,1.7456793099999777
heat_phi,fno,1000,1000030,0.0006249340994616466,1.7456793099999777
heat_phi,fno,1000,1000031,0.0007079769819475295,1.7456793099999777
heat_phi,fno,1000,1000032,0.0008182053017661597,1.7456793099999777
heat_phi,fno,1000,1000033,0.0007536997325660085,1.7456793099999777
heat_phi,fno,1000,1000034,0.0006674328868685192,1.7456793099999777
heat_phi,fno,1000,1000035,0.0008687626430035359,1.7456793099999777
heat_phi,fno,1000,1000036,0.0006471392717565469,1.7456793099999777
heat_phi,fno,1000,1000037,0.0008942658445845532,1.7456793099999777
heat_phi,fno,1000,1000038,0.0016459842940012021,1.7456793099999777
heat_phi,fno,1000,1000039,0.001274250631123601,1.7456793099999777
heat_phi,fno,1000,1000040,0.0008285193571658655,1.7456793099999777
heat_phi,fno,1000,1000041,0.0007473358021822721,1.7456793099999777
heat_phi,fno,1000,1000042,0.0006998184791781546,1.7456793099999777
heat_phi,fno,1000,1000043,0.0010163634694692004,1.7456793099999777
heat_phi,fno,1000,1000044,0.0007450071436304815,1.7456793099999777
heat_phi,fno,1000,1000045,0.0008897878576654564,1.7456793099999777
heat_phi,fno,1000,1000046,0.0009501732054750123,1.7456793099999777
heat_phi,fno,1000,1000047,0.001019657368357134,1.7456793099999777
heat_phi,fno,1000,1000048,0.001445816058190426,1.7456793099999777
heat_phi,fno,1000,1000049,0.0021883550002809145,1.7456793099999777
heat_phi,attn,1000,1000000,0.001029119003876606,3.784600000000064
heat_phi,attn,1000,1000001,0.001674011728397118,3.784600000000064
heat_phi,attn,1000,1000002,0.001313088672271029,3.784600000000064
heat_phi,attn,1000,1000003,0.0012780335270292406,3.784600000000064
heat_phi,attn,1000,1000004,0.0012124584261002033,3.784600000000064
heat_phi,attn,1000,1000005,0.0010868959405129866,3.784600000000064
heat_phi,attn,1000,1000006,0.0013072022884766696,3.784600000000064
heat_phi,attn,1000,1000007,0.0011064922983774904,3.784600000000064
heat_phi,attn,1000,1000008,0.000905039507504835,3.784600000000064
heat_phi,attn,1000,1000009,0.0007543046516935682,3.784600000000064
heat_phi,attn,1000,1000010,0.0009546877521599437,3.784600000000064
heat_phi,attn,1000,1000011,0.0018809571102103716,3.784600000000064
heat_phi,attn,1000,1000012,0.00102226944956688,3.784600000000064
heat_phi,attn,1000,1000013,0.0006792924218170655,3.784600000000064
heat_phi,attn,1000,1000014,0.0011437868292705964,3.784600000000064
heat_phi,attn,1000,1000015,0.0006237268056204215,3.784600000000064
heat_phi,attn,1000,1000016,0.0015486332601366054,3.784600000000064
heat_phi,attn,1000,1000017,0.0008425938375931246,3.784600000000064
heat_phi,attn,1000,1000018,0.001515009325743908,3.784600000000064
heat_phi,attn,1000,1000019,0.0012553500308498287,3.784600000000064
heat_phi,attn,1000,1000020,0.0006329695628550101,3.784600000000064
heat_phi,attn,1000,1000021,0.0012795202986941045,3.784600000000064
heat_phi,attn,1000,1000022,0.001756172021211491,3.784600000000064
heat_phi,attn,1000,1000023,0.0009423517062793022,3.784600000000064
heat_phi,attn,1000,1000024,0.0011120134190776882,3.784600000000064
heat_phi,attn,1000,1000025,0.0013563732697646684,3.784600000000064
heat_phi,attn,1000,1000026,0.0015175551102061227,3.784600000000064
heat_phi,attn,1000,1000027,0.0007430254826661648,3.784600000000064
heat_phi,attn,1000,1000028,0.0007985309522541593,3.784600000000064
heat_phi,attn,1000,1000029,0.0008047789409888911,3.784600000000064
heat_phi,attn,1000,1000030,0.0013845973642598835,3.784600000000064
heat_phi,attn,1000,1000031,0.0014515290701874537,3.784600000000064
heat_phi,attn,1000,1000032,0.0010316493831284538,3.784600000000064
heat_phi,attn,1000,1000033,0.001321708950455107,3.784600000000064
heat_phi,attn,1000,1000034,0.0013131490034198115,3.784600000000064
heat_phi,attn,1000,1000035,0.0008294412046557215,3.784600000000064
heat_phi,attn,1000,1000036,0.0014012674516601451,3.784600000000064
heat_phi,attn,1000,1000037,0.0011758352579133203,3.784600000000064
heat_phi,attn,1000,1000038,0.0017603526373683542,3.784600000000064
heat_phi,attn,1000,1000039,0.0014465519806743602,3.784600000000064
heat_phi,attn,1000,1000040,0.0014148677059989373,3.784600000000064
heat_phi,attn,1000,1000041,0.0013977579906533533,3.784600000000064
heat_phi,attn,1000,1000042,0.0009545310094396181,3.784600000000064
heat_phi,attn,1000,1000043,0.0018639497515644669,3.784600000000064
heat_phi,attn,1000,1000044,0.0010997257181519433,3.784600000000064
heat_phi,attn,1000,1000045,0.001180614972123805,3.784600000000064
heat_phi,attn,1000,1000046,0.0013108114024364375,3.784600000000064
heat_phi,attn,1000,1000047,0.0012216794585421004,3.784600000000064
heat_phi,attn,1000,1000048,0.001634170539557571,3.784600000000064
heat_phi,attn,1000,1000049,0.002896755468587498,3.784600000000064
ac_phi,per_phi,0,1000000,0.0048849333042023605,0.10557039599996643
ac_phi,per_phi,0,1000001,0.0037036542981229202,0.18270440200001759
ac_phi,per_phi,0,1000002,0.012564478815980355,0.260062059999982
ac_phi,per_phi,0,1000003,0.0030748763694374895,0.337318271999975
ac_phi,per_phi,0,1000004,0.0048365294906430305,0.4145696659999521
ac_phi,per_phi,0,1000005,0.0034082358116870395,0.49406679799998526
ac_phi,per_phi,0,1000006,0.008842597456477929,0.5712215080000169
ac_phi,per_phi,0,1000007,0.006279374308062974,0.648688475999952
ac_phi,per_phi,0,1000008,0.0039012403538703617,0.7262622479999845
ac_phi,per_phi,0,1000009,0.004864221812118511,0.8037275699999736
ac_phi,per_phi,0,1000010,0.005363868282731402,0.8812867099999857
ac_phi,per_phi,0,1000011,0.011104428359148306,0.9587079079999967
ac_phi,per_phi,0,1000012,0.007264743243018453,1.0361822799999936
ac_phi,per_phi,0,1000013,0.011070199192379764,1.1147072559999651
ac_phi,per_phi,0,1000014,0.006020953338692392,1.1922777420000057
ac_phi,per_phi,0,1000015,0.004954202895455746,1.2696908299999632
ac_phi,per_phi,0,1000016,0.005170956709762016,1.347167169999957
ac_phi,per_phi,0,1000017,0.005989416855051047,1.424548164000007
ac_phi,per_phi,0,1000018,0.006169343308785609,1.502638819999993
ac_phi,per_phi,0,1000019,0.00812679860594099,1.5805771639999875
ac_phi,per_phi,0,1000020,0.005587387015515338,1.6589814299999852
ac_phi,per_phi,0,1000021,0.007777009905418413,1.7368087699999888
ac_phi,per_phi,0,1000022,0.008395519625735738,1.8142798619999667
ac_phi,per_phi,0,1000023,0.0029061630764622482,1.89297473599996
ac_phi,per_phi,0,1000024,0.005208475530756943,1.970713023999997
ac_phi,per_phi,0,1000025,0.010032735136388249,2.048533019999959
ac_phi,per_phi,0,1000026,0.004026170265167733,2.125964651999966
ac_phi,per_phi,0,1000027,0.004677132432977216,2.203635509999949
ac_phi,per_phi,0,1000028,0.003915423446648137,2.2815051400000086
ac_phi,per_phi,0,1000029,0.005512059219242349,2.359984239999976
ac_phi,per_phi,0,1000030,0.005285156103877536,2.4372622019999834
ac_phi,per_phi,0,1000031,0.004898410470790583,2.5151034100000107
ac_phi,per_phi,0,1000032,0.005305978966225039,2.592951183999976
ac_phi,per_phi,0,1000033,0.0038903416067045714,2.670510983999993
ac_phi,per_phi,0,1000034,0.007517948848363432,2.7481272439999884
ac_phi,per_phi,0,1000035,0.007407460274757554,2.8261437039999873
ac_phi,per_phi,0,1000036,0.006567066181083651,2.9043701679999505
ac_phi,per_phi,0,1000037,0.006395307699733928,2.9830894699999773
ac_phi,per_phi,0,1000038,0.006736308479221015,3.072120670000004
ac_phi,per_phi,0,1000039,0.004996248987560168,3.1555524219999644
ac_phi,per_phi,0,1000040,0.010663254371003213,3.234870881999959
ac_phi,per_phi,0,1000041,0.0035978312948339516,3.3144101119999685
ac_phi,per_phi,0,1000042,0.004782309277297565,3.3932428660000005
ac_phi,per_phi,0,1000043,0.009609969705253532,3.47306945999997
ac_phi,per_phi,0,1000044,0.0035839046397720255,3.552744266000009
ac_phi,per_phi,0,1000045,0.005514694044904995,3.6319668799999634
ac_phi,per_phi,0,1000046,0.011551504850147068,3.710572547999982
ac_phi,per_phi,0,1000047,0.007576068559495,3.7890281819999654
ac_phi,per_phi,0,1000048,0.008930338874463326,3.8674930499999753
ac_phi,per_phi,0,1000049,0.018208765157918978,3.945836591999978
ac_phi,deeponet,250,1000000,0.011303895615281934,0.8170011240000167
ac_phi,deeponet,250,1000001,0.01852788296884881,0.8170011240000167
ac_phi,deeponet,250,1000002,0.03721297681491253,0.8170011240000167
ac_phi,deeponet,250,1000003,0.02798475584149097,0.8170011240000167
ac_phi,deeponet,250,1000004,0.019343844566563316,0.8170011240000167
ac_phi,deeponet,250,1000005,0.010145678766550197,0.8170011240000167
ac_phi,deeponet,250,1000006,0.02681022320168863,0.8170011240000167
ac_phi,deeponet,250,1000007,0.030693142342755206,0.8170011240000167
ac_phi,deeponet,250,1000008,0.012004461584629502,0.8170011240000167
ac_phi,deeponet,250,1000009,0.01314422291811242,0.8170011240000167
ac_phi,deeponet,250,1000010,0.015033255402954903,0.8170011240000167
ac_phi,deeponet,250,1000011,0.03364247994867797,0.8170011240000167
ac_phi,deeponet,250,1000012,0.0245395522366074,0.8170011240000167
ac_phi,deeponet,250,1000013,0.013382041008884368,0.8170011240000167
ac_phi,deeponet,250,1000014,0.017907097683897106,0.8170011240000167
ac_phi,deeponet,250,1000015,0.011643203155759292,0.8170011240000167
ac_phi,deeponet,250,1000016,0.026394751592007944,0.8170011240000167
ac_phi,deeponet,250,1000017,0.015416442661731993,0.8170011240000167
ac_phi,deeponet,250,1000018,0.011453947934077405,0.8170011240000167
ac_phi,deeponet,250,1000019,0.011659039146090818,0.8170011240000167
ac_phi,deeponet,250,1000020,0.032195117202440914,0.8170011240000167
ac_phi,deeponet,250,1000021,0.01622280885179014,0.8170011240000167
ac_phi,deeponet,250,1000022,0.02172224419296189,0.8170011240000167
ac_phi,deeponet,250,1000023,0.012166806097320623,0.8170011240000167
ac_phi,deeponet,250,1000024,0.013051022349656943,0.8170011240000167
ac_phi,deeponet,250,1000025,0.024950287794545462,0.8170011240000167
ac_phi,deeponet,250,1000026,0.013332645489147981,0.8170011240000167
ac_phi,deeponet,250,1000027,0.019590201609822375,0.8170011240000167
ac_phi,deeponet,250,1000028,0.0197396206005882,0.8170011240000167
ac_phi,deeponet,250,1000029,0.017398769701180712,0.8170011240000167
ac_phi,deeponet,250,1000030,0.01061593098173314,0.8170011240000167
ac_phi,deeponet,250,1000031,0.015197519544949944,0.8170011240000167
ac_phi,deeponet,250,1000032,0.01606845594960455,0.8170011240000167
ac_phi,deeponet,250,1000033,0.01485521336783463,0.8170011240000167
ac_phi,deeponet,250,1000034,0.019381054349449985,0.8170011240000167
ac_phi,deeponet,250,1000035,0.01521676676933718,0.8170011240000167
ac_phi,deeponet,250,1000036,0.02079639139624371,0.8170011240000167
ac_phi,deeponet,250,1000037,0.028600666815037232,0.8170011240000167
ac_phi,deeponet,250,1000038,0.029850598241394518,0.8170011240000167
ac_phi,deeponet,250,1000039,0.011526768522657929,0.8170011240000167
ac_phi,deeponet,250,1000040,0.024848061717263073,0.8170011240000167
ac_phi,deeponet,250,1000041,0.018343780872119016,0.8170011240000167
ac_phi,deeponet,250,1000042,0.024267172161388084,0.8170011240000167
ac_phi,deeponet,250,1000043,0.022139079299093804,0.8170011240000167
ac_phi,deeponet,250,1000044,0.02023651792051422,0.8170011240000167
ac_phi,deeponet,250,1000045,0.023404051497063535,0.8170011240000167
ac_phi,deeponet,250,1000046,0.029698653668862436,0.8170011240000167
ac_phi,deeponet,250,1000047,0.02704139551303825,0.8170011240000167
ac_phi,deeponet,250,1000048,0.018319214009032168,0.8170011240000167
ac_phi,deeponet,250,1000049,0.03643779413300599,0.8170011240000167
ac_phi,fno,250,1000000,0.009103733901309616,1.7087283160000515
ac_phi,fno,250,1000001,0.012947848639811656,1.7087283160000515
ac_phi,fno,250,1000002,0.022787367584787922,1.7087283160000515
ac_phi,fno,250,1000003,0.010442604907135852,1.7087283160000515
ac_phi,fno,250,1000004,0.014722152252888693,1.7087283160000515
ac_phi,fno,250,1000005,0.009024059199125068,1.7087283160000515
ac_phi,fno,250,1000006,0.021760927566452724,1.7087283160000515
ac_phi,fno,250,1000007,0.019357403564747456,1.7087283160000515
ac_phi,fno,250,1000008,0.010041537635587744,1.7087283160000515
ac_phi,fno,250,1000009,0.011972562629813197,1.7087283160000515
ac_phi,fno,250,1000010,0.00982409327327023,1.7087283160000515
ac_phi,fno,250,1000011,0.026113166243026807,1.7087283160000515
ac_phi,fno,250,1000012,0.028786396243085835,1.7087283160000515
ac_phi,fno,250,1000013,0.008069016593342367,1.7087283160000515
ac_phi,fno,250,1000014,0.013714674072011074,1.7087283160000515
ac_phi,fno,250,1000015,0.009772578348252306,1.7087283160000515
ac_phi,fno,250,1000016,0.015744553335385315,1.7087283160000515
ac_phi,fno,250,1000017,0.012327631227918332,1.7087283160000515
ac_phi,fno,250,1000018,0.012082939199209636,1.7087283160000515
ac_phi,fno,250,1000019,0.018848306969981053,1.7087283160000515
ac_phi,fno,250,1000020,0.015350457747607654,1.7087283160000515
ac_phi,fno,250,1000021,0.0181692035509546,1.7087283160000515
ac_phi,fno,250,1000022,0.01594167014128816,1.7087283160000515
ac_phi,fno,250,1000023,0.011408554882108119,1.7087283160000515
ac_phi,fno,250,1000024,0.013278921325799513,1.7087283160000515
ac_phi,fno,250,1000025,0.020611454736455943,1.7087283160000515
ac_phi,fno,250,1000026,0.013441189711677888,1.7087283160000515
ac_phi,fno,250,1000027,0.025592047049635247,1.7087283160000515
ac_phi,fno,250,1000028,0.012451154987251844,1.7087283160000515
ac_phi,fno,250,1000029,0.009427976964726519,1.7087283160000515
ac_phi,fno,250,1000030,0.011857517962076814,1.7087283160000515
ac_phi,fno,250,1000031,0.012204889298302046,1.7087283160000515
ac_phi,fno,250,1000032,0.012527647286351138,1.7087283160000515
ac_phi,fno,250,1000033,0.009802772881341503,1.7087283160000515
ac_phi,fno,250,1000034,0.014875237989758582,1.7087283160000515
ac_phi,fno,250,1000035,0.012271971583796564,1.7087283160000515
ac_phi,fno,250,1000036,0.012125366983960049,1.7087283160000515
ac_phi,fno,250,1000037,0.017546331662743813,1.7087283160000515
ac_phi,fno,250,1000038,0.03177289833181872,1.7087283160000515
ac_phi,fno,250,1000039,0.016666705040044815,1.7087283160000515
ac_phi,fno,250,1000040,0.017112859328696484,1.7087283160000515
ac_phi,fno,250,1000041,0.011637680714820426,1.7087283160000515
ac_phi,fno,250,1000042,0.013174644900337061,1.7087283160000515
ac_phi,fno,250,1000043,0.024596769473957992,1.7087283160000515
ac_phi,fno,250,1000044,0.015134351310259619,1.7087283160000515
ac_phi,fno,250,1000045,0.01848289627571548,1.7087283160000515
ac_phi,fno,250,1000046,0.026778658268108504,1.7087283160000515
ac_phi,fno,250,1000047,0.024008407832673558,1.7087283160000515
ac_phi,fno,250,1000048,0.023685502070734665,1.7087283160000515
ac_phi,fno,250,1000049,0.0339292235451831,1.7087283160000515
ac_phi,attn,250,1000000,0.006185806833596828,3.7276390320000066
ac_phi,attn,250,1000001,0.010780629944170408,3.7276390320000066
ac_phi,attn,250,1000002,0.010239609827330028,3.7276390320000066
ac_phi,attn,250,1000003,0.00984672288369772,3.7276390320000066
ac_phi,attn,250,1000004,0.007100382822875063,3.7276390320000066
ac_phi,attn,250,1000005,0.006299637409801128,3.7276390320000066
ac_phi,attn,250,1000006,0.013284032127659707,3.7276390320000066
ac_phi,attn,250,1000007,0.012587642624936692,3.7276390320000066
ac_phi,attn,250,1000008,0.003976602051843972,3.7276390320000066
ac_phi,attn,250,1000009,0.013462088354709911,3.7276390320000066
ac_phi,attn,250,1000010,0.005886574990717084,3.7276390320000066
ac_phi,attn,250,1000011,0.009624780794759922,3.7276390320000066
ac_phi,attn,250,1000012,0.013294508582410177,3.7276390320000066
ac_phi,attn,250,1000013,0.003409248982625081,3.7276390320000066
ac_phi,attn,250,1000014,0.00789519543822799,3.7276390320000066
ac_phi,attn,250,1000015,0.007289244244743622,3.7276390320000066
ac_phi,attn,250,1000016,0.007227817209169515,3.7276390320000066
ac_phi,attn,250,1000017,0.0062641156173312345,3.7276390320000066
ac_phi,attn,250,1000018,0.013758119961870999,3.7276390320000066
ac_phi,attn,250,1000019,0.006469350881281141,3.7276390320000066
ac_phi,attn,250,1000020,0.008774222067888028,3.7276390320000066
ac_phi,attn,250,1000021,0.010841570245921653,3.7276390320000066
ac_phi,attn,250,1000022,0.015230146780757516,3.7276390320000066
ac_phi,attn,250,1000023,0.007755990961806787,3.7276390320000066
ac_phi,attn,250,1000024,0.010499765900920305,3.7276390320000066
ac_phi,attn,250,1000025,0.01858629987942793,3.7276390320000066
ac_phi,attn,250,1000026,0.0064960992835835394,3.7276390320000066
ac_phi,attn,250,1000027,0.012161265633262794,3.7276390320000066
ac_phi,attn,250,1000028,0.00715030711953273,3.7276390320000066
ac_phi,attn,250,1000029,0.005446542020679593,3.7276390320000066
ac_phi,attn,250,1000030,0.0046767445118308945,3.7276390320000066
ac_phi,attn,250,1000031,0.007305295950809448,3.7276390320000066
ac_phi,attn,250,1000032,0.00835256323712764,3.7276390320000066
ac_phi,attn,250,1000033,0.006514366012308794,3.7276390320000066
ac_phi,attn,250,1000034,0.011985913652346539,3.7276390320000066
ac_phi,attn,250,1000035,0.017114130735013135,3.7276390320000066
ac_phi,attn,250,1000036,0.007310742566704567,3.7276390320000066
ac_phi,attn,250,1000037,0.007343368996740496,3.7276390320000066
ac_phi,attn,250,1000038,0.01382376297506784,3.7276390320000066
ac_phi,attn,250,1000039,0.010187298489990369,3.7276390320000066
ac_phi,attn,250,1000040,0.008215335956440434,3.7276390320000066
ac_phi,attn,250,1000041,0.008220083511622515,3.7276390320000066
ac_phi,attn,250,1000042,0.010627250559083036,3.7276390320000066
ac_phi,attn,250,1000043,0.015709079415220754,3.7276390320000066
ac_phi,attn,250,1000044,0.007028850975167306,3.7276390320000066
ac_phi,attn,250,1000045,0.014742986684444839,3.7276390320000066
ac_phi,attn,250,1000046,0.011081079932512703,3.7276390320000066
ac_phi,attn,250,1000047,0.01682144205573579,3.7276390320000066
ac_phi,attn,250,1000048,0.0112672002991171,3.7276390320000066
ac_phi,attn,250,1000049,0.014289941409321768,3.7276390320000066
ac_phi,deeponet,500,1000000,0.008722823100069253,0.8883500359999743
ac_phi,deeponet,500,1000001,0.011337656680495195,0.8883500359999743
ac_phi,deeponet,500,1000002,0.016825350017344913,0.8883500359999743
ac_phi,deeponet,500,1000003,0.014275253919577666,0.8883500359999743
ac_phi,deeponet,500,1000004,0.012602154605361859,0.8883500359999743
ac_phi,deeponet,500,1000005,0.008026840579010224,0.8883500359999743
ac_phi,deeponet,500,1000006,0.016371305619133164,0.8883500359999743
ac_phi,deeponet,500,1000007,0.012427706264173853,0.8883500359999743
ac_phi,deeponet,500,1000008,0.007783277926946079,0.8883500359999743
ac_phi,deeponet,500,1000009,0.006824952460688171,0.8883500359999743
ac_phi,deeponet,500,1000010,0.011045930725929345,0.8883500359999743
ac_phi,deeponet,500,1000011,0.02607778663628009,0.8883500359999743
ac_phi,deeponet,500,1000012,0.008948538164289149,0.8883500359999743
ac_phi,deeponet,500,1000013,0.010742413347849417,0.8883500359999743
ac_phi,deeponet,500,1000014,0.012854741354770853,0.8883500359999743
ac_phi,deeponet,500,1000015,0.00854945204948577,0.8883500359999743
ac_phi,deeponet,500,1000016,0.010339555510733374,0.8883500359999743
ac_phi,deeponet,500,1000017,0.009875385378085227,0.8883500359999743
ac_phi,deeponet,500,1000018,0.011302862104365832,0.8883500359999743
ac_phi,deeponet,500,1000019,0.010915087462872721,0.8883500359999743
ac_phi,deeponet,500,1000020,0.011961890738339306,0.8883500359999743
ac_phi,deeponet,500,1000021,0.010999385685948956,0.8883500359999743
ac_phi,deeponet,500,1000022,0.014486102295500833,0.8883500359999743
ac_phi,deeponet,500,1000023,0.009625938027254869,0.8883500359999743
ac_phi,deeponet,500,1000024,0.009391448120886586,0.8883500359999743
ac_phi,deeponet,500,1000025,0.019750088350782166,0.8883500359999743
ac_phi,deeponet,500,1000026,0.011376801853303597,0.8883500359999743
ac_phi,deeponet,500,1000027,0.008750696920993414,0.8883500359999743
ac_phi,deeponet,500,1000028,0.014414813864283024,0.8883500359999743
ac_phi,deeponet,500,1000029,0.006597252245611627,0.8883500359999743
ac_phi,deeponet,500,1000030,0.012098281937435769,0.8883500359999743
ac_phi,deeponet,500,1000031,0.00708198361243969,0.8883500359999743
ac_phi,deeponet,500,1000032,0.010744280291218279,0.8883500359999743
ac_phi,deeponet,500,1000033,0.010479961774412494,0.8883500359999743
ac_phi,deeponet,500,1000034,0.01095651649406619,0.8883500359999743
ac_phi,deeponet,500,1000035,0.007816529337473205,0.8883500359999743
ac_phi,deeponet,500,1000036,0.014506245690790155,0.8883500359999743
ac_phi,deeponet,500,1000037,0.01736973301784788,0.8883500359999743
ac_phi,deeponet,500,1000038,0.014600495470433818,0.8883500359999743
ac_phi,deeponet,500,1000039,0.009961922120960528,0.8883500359999743
ac_phi,deeponet,500,1000040,0.009946619398968052,0.8883500359999743
ac_phi,deeponet,500,1000041,0.009292662928369106,0.8883500359999743
ac_phi,deeponet,500,1000042,0.011589374717883887,0.8883500359999743
ac_phi,deeponet,500,1000043,0.013136136611017448,0.8883500359999743
ac_phi,deeponet,500,1000044,0.010413354904190358,0.8883500359999743
ac_phi,deeponet,500,1000045,0.011894409264261524,0.8883500359999743
ac_phi,deeponet,500,1000046,0.017192296042582496,0.8883500359999743
ac_phi,deeponet,500,1000047,0.018653787027025033,0.8883500359999743
ac_phi,deeponet,500,1000048,0.016465093964862353,0.8883500359999743
ac_phi,deeponet,500,1000049,0.0234311367331521,0.8883500359999743
ac_phi,fno,500,1000000,0.007402673802722083,1.7413461259999894
ac_phi,fno,500,1000001,0.00919847526414981,1.7413461259999894
ac_phi,fno,500,1000002,0.014048865662450172,1.7413461259999894
ac_phi,fno,500,1000003,0.008276247384803828,1.7413461259999894
ac_phi,fno,500,1000004,0.007414541810606351,1.7413461259999894
ac_phi,fno,500,1000005,0.005325823333116079,1.7413461259999894
ac_phi,fno,500,1000006,0.01373729327214971,1.7413461259999894
ac_phi,fno,500,1000007,0.012241183903098925,1.7413461259999894
ac_phi,fno,500,1000008,0.004803437871843509,1.7413461259999894
ac_phi,fno,500,1000009,0.0071618816423144925,1.7413461259999894
ac_phi,fno,500,1000010,0.006368899531831431,1.7413461259999894
ac_phi,fno,500,1000011,0.01750130222858954,1.7413461259999894
ac_phi,fno,500,1000012,0.011632864565907203,1.7413461259999894
ac_phi,fno,500,1000013,0.008130580276993897,1.7413461259999894
ac_phi,fno,500,1000014,0.007894195368991537,1.7413461259999894
ac_phi,fno,500,1000015,0.007695035184132572,1.7413461259999894
ac_phi,fno,500,1000016,0.008666344523540542,1.7413461259999894
ac_phi,fno,500,1000017,0.007346805269941577,1.7413461259999894
ac_phi,fno,500,1000018,0.006721452651267346,1.7413461259999894
ac_phi,fno,500,1000019,0.009414809436424131,1.7413461259999894
ac_phi,fno,500,1000020,0.009116367623101609,1.7413461259999894
ac_phi,fno,500,1000021,0.011498247456182152,1.7413461259999894
ac_phi,fno,500,1000022,0.01091746799632886,1.7413461259999894
ac_phi,fno,500,1000023,0.006842564876649455,1.7413461259999894
ac_phi,fno,500,1000024,0.008869874393108572,1.7413461259999894
ac_phi,fno,500,1000025,0.014209207046445248,1.7413461259999894
ac_phi,fno,500,1000026,0.010516284275738806,1.7413461259999894
ac_phi,fno,500,1000027,0.010138313205108553,1.7413461259999894
ac_phi,fno,500,1000028,0.008408624951603277,1.7413461259999894
ac_phi,fno,500,1000029,0.004273773780367701,1.7413461259999894
ac_phi,fno,500,1000030,0.008262514785645743,1.7413461259999894
ac_phi,fno,500,1000031,0.006880448749011142,1.7413461259999894
ac_phi,fno,500,1000032,0.006398291057541618,1.7413461259999894
ac_phi,fno,500,1000033,0.007076155228971932,1.7413461259999894
ac_phi,fno,500,1000034,0.0084634048493951,1.7413461259999894
ac_phi,fno,500,1000035,0.006042171484755312,1.7413461259999894
ac_phi,fno,500,1000036,0.00836109416296894,1.7413461259999894
ac_phi,fno,500,1000037,0.01077228684189924,1.7413461259999894
ac_phi,fno,500,1000038,0.022584077257699998,1.7413461259999894
ac_phi,fno,500,1000039,0.008377746725947197,1.7413461259999894
ac_phi,fno,500,1000040,0.012663645715352058,1.7413461259999894
ac_phi,fno,500,1000041,0.006360152544562844,1.7413461259999894
ac_phi,fno,500,1000042,0.007034428052033141,1.7413461259999894
ac_phi,fno,500,1000043,0.01490792681999817,1.7413461259999894
ac_phi,fno,500,1000044,0.010304541670551691,1.7413461259999894
ac_phi,fno,500,1000045,0.011092472597729084,1.7413461259999894
ac_phi,fno,500,1000046,0.014399900074977356,1.7413461259999894
ac_phi,fno,500,1000047,0.012513831358806043,1.7413461259999894
ac_phi,fno,500,1000048,0.013359029685956158,1.7413461259999894
ac_phi,fno,500,1000049,0.029458489262434325,1.7413461259999894
ac_phi,attn,500,1000000,0.005757896235674143,3.776099491999994
ac_phi,attn,500,1000001,0.008910298105034,3.776099491999994
ac_phi,attn,500,1000002,0.0067098341180117736,3.776099491999994
ac_phi,attn,500,1000003,0.005068492620780722,3.776099491999994
ac_phi,attn,500,1000004,0.008354015186253533,3.776099491999994
ac_phi,attn,500,1000005,0.003968529634283306,3.776099491999994
ac_phi,attn,500,1000006,0.011305332698115607,3.776099491999994
ac_phi,attn,500,1000007,0.00580077508181835,3.776099491999994
ac_phi,attn,500,1000008,0.0035899161543498223,3.776099491999994
ac_phi,attn,500,1000009,0.008373472619339307,3.776099491999994
ac_phi,attn,500,1000010,0.004423930839936948,3.776099491999994
ac_phi,attn,500,1000011,0.010293798086457261,3.776099491999994
ac_phi,attn,500,1000012,0.004541246093614065,3.776099491999994
ac_phi,attn,500,1000013,0.004529454821887292,3.776099491999994
ac_phi,attn,500,1000014,0.006261686210871296,3.776099491999994
ac_phi,attn,500,1000015,0.007979476319900897,3.776099491999994
ac_phi,attn,500,1000016,0.004258965589835566,3.776099491999994
ac_phi,attn,500,1000017,0.005748800090030667,3.776099491999994
ac_phi,attn,500,1000018,0.007827829073100393,3.776099491999994
ac_phi,attn,500,1000019,0.008777024348897473,3.776099491999994
ac_phi,attn,500,1000020,0.004430578655811306,3.776099491999994
ac_phi,attn,500,1000021,0.0093261491311972,3.776099491999994
ac_phi,attn,500,1000022,0.010317649180714261,3.776099491999994
ac_phi,attn,500,1000023,0.005715269235256769,3.776099491999994
ac_phi,attn,500,1000024,0.0058581660931627645,3.776099491999994
ac_phi,attn,500,1000025,0.016157480402985196,3.776099491999994
ac_phi,attn,500,1000026,0.0049639003503876775,3.776099491999994
ac_phi,attn,500,1000027,0.0052901010420449745,3.776099491999994
ac_phi,attn,500,1000028,0.006501718953310419,3.776099491999994
ac_phi,attn,500,1000029,0.003812326505442406,3.776099491999994
ac_phi,attn,500,1000030,0.006645655371281359,3.776099491999994
ac_phi,attn,500,1000031,0.007600431528580146,3.776099491999994
ac_phi,attn,500,1000032,0.004047285200270659,3.776099491999994
ac_phi,attn,500,1000033,0.005067912419487057,3.776099491999994
ac_phi,attn,500,1000034,0.00909803571010617,3.776099491999994
ac_phi,attn,500,1000035,0.0040503482081351285,3.776099491999994
ac_phi,attn,500,1000036,0.008512979460081284,3.776099491999994
ac_phi,attn,500,1000037,0.0058039997006265704,3.776099491999994
ac_phi,attn,500,1000038,0.009029142409484662,3.776099491999994
ac_phi,attn,500,1000039,0.005775836108190724,3.776099491999994
ac_phi,attn,500,1000040,0.0077125500858956095,3.776099491999994
ac_phi,attn,500,1000041,0.004928233103671008,3.776099491999994
ac_phi,attn,500,1000042,0.007916524406159604,3.776099491999994
ac_phi,attn,500,1000043,0.009392467720673895,3.776099491999994
ac_phi,attn,500,1000044,0.011711649112270727,3.776099491999994
ac_phi,attn,500,1000045,0.006769622479663687,3.776099491999994
ac_phi,attn,500,1000046,0.007569048002989578,3.776099491999994
ac_phi,attn,500,1000047,0.007601173094275623,3.776099491999994
ac_phi,attn,500,1000048,0.007913098299139354,3.776099491999994
ac_phi,attn,500,1000049,0.013140653967122468,3.776099491999994
ac_phi,deeponet,1000,1000000,0.010731637963287018,0.9167321059999813
ac_phi,deeponet,1000,1000001,0.01275215656979113,0.9167321059999813
ac_phi,deeponet,1000,1000002,0.012589063568139238,0.9167321059999813
ac_phi,deeponet,1000,1000003,0.006216820191353846,0.9167321059999813
ac_phi,deeponet,1000,1000004,0.010801320823902068,0.9167321059999813
ac_phi,deeponet,1000,1000005,0.008757918549970238,0.9167321059999813
ac_phi,deeponet,1000,1000006,0.015307181460697145,0.9167321059999813
ac_phi,deeponet,1000,1000007,0.01231242031869446,0.9167321059999813
ac_phi,deeponet,1000,1000008,0.006424192028781539,0.9167321059999813
ac_phi,deeponet,1000,1000009,0.007653702739471537,0.9167321059999813
ac_phi,deeponet,1000,1000010,0.01103501041720844,0.9167321059999813
ac_phi,deeponet,1000,1000011,0.01428042495068907,0.9167321059999813
ac_phi,deeponet,1000,1000012,0.009418690352242305,0.9167321059999813
ac_phi,deeponet,1000,1000013,0.010403437329287902,0.9167321059999813
ac_phi,deeponet,1000,1000014,0.006260119159348206,0.9167321059999813
ac_phi,deeponet,1000,1000015,0.00596244751454833,0.9167321059999813
ac_phi,deeponet,1000,1000016,0.009394524160981289,0.9167321059999813
ac_phi,deeponet,1000,1000017,0.0066723567103253965,0.9167321059999813
ac_phi,deeponet,1000,1000018,0.007027620256401673,0.9167321059999813
ac_phi,deeponet,1000,1000019,0.008362584116328975,0.9167321059999813
ac_phi,deeponet,1000,1000020,0.009066221738226006,0.9167321059999813
ac_phi,deeponet,1000,1000021,0.0063386089023666015,0.9167321059999813
ac_phi,deeponet,1000,1000022,0.01063025987304916,0.9167321059999813
ac_phi,deeponet,1000,1000023,0.009779881304295123,0.9167321059999813
ac_phi,deeponet,1000,1000024,0.009849157934500835,0.9167321059999813
ac_phi,deeponet,1000,1000025,0.013126992960104283,0.9167321059999813
ac_phi,deeponet,1000,1000026,0.010986458024681112,0.9167321059999813
ac_phi,deeponet,1000,1000027,0.00810585850251716,0.9167321059999813
ac_phi,deeponet,1000,1000028,0.012607870280795004,0.9167321059999813
ac_phi,deeponet,1000,1000029,0.005865092609283588,0.9167321059999813
ac_phi,deeponet,1000,1000030,0.011183577138632186,0.9167321059999813
ac_phi,deeponet,1000,1000031,0.007773612481496309,0.9167321059999813
ac_phi,deeponet,1000,1000032,0.010913274017274778,0.9167321059999813
ac_phi,deeponet,1000,1000033,0.00967432639891372,0.9167321059999813
ac_phi,deeponet,1000,1000034,0.008226169352575866,0.9167321059999813
ac_phi,deeponet,1000,1000035,0.008715803697496412,0.9167321059999813
ac_phi,deeponet,1000,1000036,0.008616240917665685,0.9167321059999813
ac_phi,deeponet,1000,1000037,0.01401810781689043,0.9167321059999813
ac_phi,deeponet,1000,1000038,0.01420808825295946,0.9167321059999813
ac_phi,deeponet,1000,1000039,0.011752852012348386,0.9167321059999813
ac_phi,deeponet,1000,1000040,0.009107500433402149,0.9167321059999813
ac_phi,deeponet,1000,1000041,0.010265824469900145,0.9167321059999813
ac_phi,deeponet,1000,1000042,0.00810556853648521,0.9167321059999813
ac_phi,deeponet,1000,1000043,0.010583540502566649,0.9167321059999813
ac_phi,deeponet,1000,1000044,0.008100533976073625,0.9167321059999813
ac_phi,deeponet,1000,1000045,0.009652710142846499,0.9167321059999813
ac_phi,deeponet,1000,1000046,0.009275014655141524,0.9167321059999813
ac_phi,deeponet,1000,1000047,0.012485329855180437,0.9167321059999813
ac_phi,deeponet,1000,1000048,0.015217252257589495,0.9167321059999813
ac_phi,deeponet,1000,1000049,0.01634472581188753,0.9167321059999813
ac_phi,fno,1000,1000000,0.004250424808609585,1.7507399740000256
ac_phi,fno,1000,1000001,0.006911552101200099,1.7507399740000256
ac_phi,fno,1000,1000002,0.010848121416391568,1.7507399740000256
ac_phi,fno,1000,1000003,0.00417759014360025,1.7507399740000256
ac_phi,fno,1000,1000004,0.005460888146908692,1.7507399740000256
ac_phi,fno,1000,1000005,0.003432069216347274,1.7507399740000256
ac_phi,fno,1000,1000006,0.009476162909763742,1.7507399740000256
ac_phi,fno,1000,1000007,0.007329201080939402,1.7507399740000256
ac_phi,fno,1000,1000008,0.002700261029198768,1.7507399740000256
ac_phi,fno,1000,1000009,0.003627437121307171,1.7507399740000256
ac_phi,fno,1000,1000010,0.003105078888991452,1.7507399740000256
ac_phi,fno,1000,1000011,0.010548670686688272,1.7507399740000256
ac_phi,fno,1000,1000012,0.006538612845981419,1.7507399740000256
ac_phi,fno,1000,1000013,0.0038931804420733007,1.7507399740000256
ac_phi,fno,1000,1000014,0.004142445724750261,1.7507399740000256
ac_phi,fno,1000,1000015,0.005602446395759472,1.7507399740000256
ac_phi,fno,1000,1000016,0.004639902014306232,1.7507399740000256
ac_phi,fno,1000,1000017,0.003611899753911781,1.7507399740000256
ac_phi,fno,1000,1000018,0.004321767114842009,1.7507399740000256
ac_phi,fno,1000,1000019,0.005020786986396886,1.7507399740000256
ac_phi,fno,1000,1000020,0.00520188439241331,1.7507399740000256
ac_phi,fno,1000,1000021,0.007200965008830524,1.7507399740000256
ac_phi,fno,1000,1000022,0.007791839503409933,1.7507399740000256
ac_phi,fno,1000,1000023,0.004279726465452273,1.7507399740000256
ac_phi,fno,1000,1000024,0.005415998360394402,1.7507399740000256
ac_phi,fno,1000,1000025,0.0081922377574556,1.7507399740000256
ac_phi,fno,1000,1000026,0.005515640966656923,1.7507399740000256
ac_phi,fno,1000,1000027,0.006528424374953494,1.7507399740000256
ac_phi,fno,1000,1000028,0.004570554286202743,1.7507399740000256
ac_phi,fno,1000,1000029,0.003636835714311096,1.7507399740000256
ac_phi,fno,1000,1000030,0.004552711971682676,1.7507399740000256
ac_phi,fno,1000,1000031,0.004616330053284809,1.7507399740000256
ac_phi,fno,1000,1000032,0.004076477790222189,1.7507399740000256
ac_phi,fno,1000,1000033,0.003483422744011097,1.7507399740000256
ac_phi,fno,1000,1000034,0.0047981066189611175,1.7507399740000256
ac_phi,fno,1000,1000035,0.0037386635399406162,1.7507399740000256
ac_phi,fno,1000,1000036,0.005029772500479492,1.7507399740000256
ac_phi,fno,1000,1000037,0.007192662481160616,1.7507399740000256
ac_phi,fno,1000,1000038,0.013075230834361129,1.7507399740000256
ac_phi,fno,1000,1000039,0.007182784488654501,1.7507399740000256
ac_phi,fno,1000,1000040,0.006135725867130862,1.7507399740000256
ac_phi,fno,1000,1000041,0.004769838592389706,1.7507399740000256
ac_phi,fno,1000,1000042,0.0049986871305597765,1.7507399740000256
ac_phi,fno,1000,1000043,0.008013804623068544,1.7507399740000256
ac_phi,fno,1000,1000044,0.005725871848584308,1.7507399740000256
ac_phi,fno,1000,1000045,0.005771098445859801,1.7507399740000256
ac_phi,fno,1000,1000046,0.006849661815722178,1.7507399740000256
ac_phi,fno,1000,1000047,0.007403190419421247,1.7507399740000256
ac_phi,fno,1000,1000048,0.007943103044338973,1.7507399740000256
ac_phi,fno,1000,1000049,0.01730038194357572,1.7507399740000256
ac_phi,attn,1000,1000000,0.00441670890099231,3.7987331519999863
ac_phi,attn,1000,1000001,0.007421021479957653,3.7987331519999863
ac_phi,attn,1000,1000002,0.00446940219788214,3.7987331519999863
ac_phi,attn,1000,1000003,0.0030618069417926415,3.7987331519999863
ac_phi,attn,1000,1000004,0.0036788494256720407,3.7987331519999863
ac_phi,attn,1000,1000005,0.003511194404092234,3.7987331519999863
ac_phi,attn,1000,1000006,0.004564396832108342,3.7987331519999863
ac_phi,attn,1000,1000007,0.0052370034761647245,3.7987331519999863
ac_phi,attn,1000,1000008,0.00308119065246352,3.7987331519999863
ac_phi,attn,1000,1000009,0.002757492319889572,3.7987331519999863
ac_phi,attn,1000,1000010,0.0025665740769325054,3.7987331519999863
ac_phi,attn,1000,1000011,0.004957717364943348,3.7987331519999863
ac_phi,attn,1000,1000012,0.004705644839107062,3.7987331519999863
ac_phi,attn,1000,1000013,0.00414876984446391,3.7987331519999863
ac_phi,attn,1000,1000014,0.0040471661601105095,3.7987331519999863
ac_phi,attn,1000,1000015,0.007181383035764537,3.7987331519999863
ac_phi,attn,1000,1000016,0.004408075052328874,3.7987331519999863
ac_phi,attn,1000,1000017,0.003013997457879764,3.7987331519999863
ac_phi,attn,1000,1000018,0.006721708048113985,3.7987331519999863
ac_phi,attn,1000,1000019,0.004481706815243792,3.7987331519999863
ac_phi,attn,1000,1000020,0.002949225856709428,3.7987331519999863
ac_phi,attn,1000,1000021,0.004468938267181162,3.7987331519999863
ac_phi,attn,1000,1000022,0.005327120753479513,3.7987331519999863
ac_phi,attn,1000,1000023,0.0027501041878338975,3.7987331519999863
ac_phi,attn,1000,1000024,0.004598138374883568,3.7987331519999863
ac_phi,attn,1000,1000025,0.007553010067648718,3.7987331519999863
ac_phi,attn,1000,1000026,0.0026924649802466134,3.7987331519999863
ac_phi,attn,1000,1000027,0.0036129216850360976,3.7987331519999863
ac_phi,attn,1000,1000028,0.009241656975697305,3.7987331519999863
ac_phi,attn,1000,1000029,0.002124181335284283,3.7987331519999863
ac_phi,attn,1000,1000030,0.0031501703435779555,3.7987331519999863
ac_phi,attn,1000,1000031,0.005459811533464991,3.7987331519999863
ac_phi,attn,1000,1000032,0.004769217718676052,3.7987331519999863
ac_phi,attn,1000,1000033,0.002877209126893029,3.7987331519999863
ac_phi,attn,1000,1000034,0.0021447949353947866,3.7987331519999863
ac_phi,attn,1000,1000035,0.005495378841310448,3.7987331519999863
ac_phi,attn,1000,1000036,0.005798905989015367,3.7987331519999863
ac_phi,attn,1000,1000037,0.00491853291411296,3.7987331519999863
ac_phi,attn,1000,1000038,0.007825904018789347,3.7987331519999863
ac_phi,attn,1000,1000039,0.004475996423445762,3.7987331519999863
ac_phi,attn,1000,1000040,0.009008813164009854,3.7987331519999863
ac_phi,attn,1000,1000041,0.0038126382108503373,3.7987331519999863
ac_phi,attn,1000,1000042,0.0039005318596749597,3.7987331519999863
ac_phi,attn,1000,1000043,0.004262728613579947,3.7987331519999863
ac_phi,attn,1000,1000044,0.007775365673770918,3.7987331519999863
ac_phi,attn,1000,1000045,0.0038302498217890786,3.7987331519999863
ac_phi,attn,1000,1000046,0.003961171028264325,3.7987331519999863
ac_phi,attn,1000,1000047,0.0053488373398569355,3.7987331519999863
ac_phi,attn,1000,1000048,0.00577456869711913,3.7987331519999863
ac_phi,attn,1000,1000049,0.007906288577752106,3.7987331519999863
