method,family,instance_seed,l1,seconds
d04_n2n,ac1,1000000,0.001134488486095036,13.305859211999923
d04_n2n,ac1,1000001,0.0021538642836232986,13.305859211999923
d04_n2n,ac1,1000002,0.0011171634709266044,13.305859211999923
d04_n2n,ac1,1000003,0.0006769056533640416,13.305859211999923
d04_n2n,ac1,1000004,0.0050601722068536305,13.305859211999923
d04_n2n,ac1,1000005,0.0021542959959670537,13.305859211999923
d04_n2n,ac1,1000006,0.001409107028145413,13.305859211999923
d04_n2n,ac1,1000007,0.0026486608096611135,13.305859211999923
d04_n2n,ac1,1000008,0.0025568942623481975,13.305859211999923
d04_n2n,ac1,1000009,0.0011396667873543364,13.305859211999923
d04_n2n,ac1,1000010,0.0021537625870558007,13.305859211999923
d04_n2n,ac1,1000011,0.0022198870020362213,13.305859211999923
d04_n2n,ac1,1000012,0.002753879007632223,13.305859211999923
d04_n2n,ac1,1000013,0.0017686924536424594,13.305859211999923
d04_n2n,ac1,1000014,0.0029483271086407177,13.305859211999923
d04_n2n,ac1,1000015,0.0007750864276061965,13.305859211999923
d04_n2n,ac1,1000016,0.0028914022641109978,13.305859211999923
d04_n2n,ac1,1000017,0.0012712768849960012,13.305859211999923
d04_n2n,ac1,1000018,0.0019150571400036198,13.305859211999923
d04_n2n,ac1,1000019,0.0031668778175256824,13.305859211999923
d04_n2n,ac1,1000020,0.002126765488944403,13.305859211999923
d04_n2n,ac1,1000021,0.001843703690548248,13.305859211999923
d04_n2n,ac1,1000022,0.0025414079257524594,13.305859211999923
d04_n2n,ac1,1000023,0.0021492562216178152,13.305859211999923
d04_n2n,ac1,1000024,0.0009724069949828078,13.305859211999923
d04_n2n,ac1,1000025,0.0012564266192158597,13.305859211999923
d04_n2n,ac1,1000026,0.0010489576602519533,13.305859211999923
d04_n2n,ac1,1000027,0.0019992629705938574,13.305859211999923
d04_n2n,ac1,1000028,0.002309603003322011,13.305859211999923
d04_n2n,ac1,1000029,0.0015481652051807509,13.305859211999923
d04_n2n,ac1,1000030,0.0020438838005090165,13.305859211999923
d04_n2n,ac1,1000031,0.0018961909243381115,13.305859211999923
d04_n2n,ac1,1000032,0.002696140794746671,13.305859211999923
d04_n2n,ac1,1000033,0.0012203022723593824,13.305859211999923
d04_n2n,ac1,1000034,0.004696244645628304,13.305859211999923
d04_n2n,ac1,1000035,0.0013939854220426811,13.305859211999923
d04_n2n,ac1,1000036,0.0016408912268941396,13.305859211999923
d04_n2n,ac1,1000037,0.0010742232340608473,13.305859211999923
d04_n2n,ac1,1000038,0.0011344103097576342,13.305859211999923
d04_n2n,ac1,1000039,0.0021691405465994653,13.305859211999923
d04_n2n,ac1,1000040,0.0017430814578136523,13.305859211999923
d04_n2n,ac1,1000041,0.0008527239638319397,13.305859211999923
d04_n2n,ac1,1000042,0.0009048246474879641,13.305859211999923
d04_n2n,ac1,1000043,0.0020236459422484656,13.305859211999923
d04_n2n,ac1,1000044,0.0011411966216411324,13.305859211999923
d04_n2n,ac1,1000045,0.0025112945061735938,13.305859211999923
d04_n2n,ac1,1000046,0.002621100117887264,13.305859211999923
d04_n2n,ac1,1000047,0.0011381430865495873,13.305859211999923
d04_n2n,ac1,1000048,0.0016972580932063598,13.305859211999923
d04_n2n,ac1,1000049,0.0030577821170315843,13.305859211999923
d04_exact,ac1,1000000,0.001296393141400883,13.03278886199987
d04_exact,ac1,1000001,0.002124070817755941,13.03278886199987
d04_exact,ac1,1000002,0.0006999296247505787,13.03278886199987
d04_exact,ac1,1000003,0.0019473672417529555,13.03278886199987
d04_exact,ac1,1000004,0.001874974765868962,13.03278886199987
d04_exact,ac1,1000005,0.0016111145653224758,13.03278886199987
d04_exact,ac1,1000006,0.0010569081390660452,13.03278886199987
d04_exact,ac1,1000007,0.0013320234097228844,13.03278886199987
d04_exact,ac1,1000008,0.0007135560736145184,13.03278886199987
d04_exact,ac1,1000009,0.0011294684782850335,13.03278886199987
d04_exact,ac1,1000010,0.00036847717383527417,13.03278886199987
d04_exact,ac1,1000011,0.001464417510251196,13.03278886199987
d04_exact,ac1,1000012,0.002865380995809129,13.03278886199987
d04_exact,ac1,1000013,0.0011368484938732938,13.03278886199987
d04_exact,ac1,1000014,0.002277244609637071,13.03278886199987
d04_exact,ac1,1000015,0.0010026307601974796,13.03278886199987
d04_exact,ac1,1000016,0.0020874729551170887,13.03278886199987
d04_exact,ac1,1000017,0.0007843000000426909,13.03278886199987
d04_exact,ac1,1000018,0.001463193950598191,13.03278886199987
d04_exact,ac1,1000019,0.0005571953332860471,13.03278886199987
d04_exact,ac1,1000020,0.0012709242209780268,13.03278886199987
d04_exact,ac1,1000021,0.0017766278969979894,13.03278886199987
d04_exact,ac1,1000022,0.0009335119402824846,13.03278886199987
d04_exact,ac1,1000023,0.0015419706205664478,13.03278886199987
d04_exact,ac1,1000024,0.0007722256526590048,13.03278886199987
d04_exact,ac1,1000025,0.0010027281005251295,13.03278886199987
d04_exact,ac1,1000026,0.00034434593116716375,13.03278886199987
d04_exact,ac1,1000027,0.001584202587476055,13.03278886199987
d04_exact,ac1,1000028,0.0019646382961218925,13.03278886199987
d04_exact,ac1,1000029,0.0013007149862340733,13.03278886199987
d04_exact,ac1,1000030,0.002251493084666558,13.03278886199987
d04_exact,ac1,1000031,0.001185899499570217,13.03278886199987
d04_exact,ac1,1000032,0.002393138856750854,13.03278886199987
d04_exact,ac1,1000033,0.00035886897705681895,13.03278886199987
d04_exact,ac1,1000034,0.0035949475673127964,13.03278886199987
d04_exact,ac1,1000035,0.0008582566284053921,13.03278886199987
d04_exact,ac1,1000036,0.0009852780206628788,13.03278886199987
d04_exact,ac1,1000037,0.0011642938494115334,13.03278886199987
d04_exact,ac1,1000038,0.0010902116960349348,13.03278886199987
d04_exact,ac1,1000039,0.002299484788218098,13.03278886199987
d04_exact,ac1,1000040,0.0010120875218179995,13.03278886199987
d04_exact,ac1,1000041,0.0011412711717866133,13.03278886199987
d04_exact,ac1,1000042,0.0007218710133392828,13.03278886199987
d04_exact,ac1,1000043,0.0008066827669089365,13.03278886199987
d04_exact,ac1,1000044,0.0007938929573235011,13.03278886199987
d04_exact,ac1,1000045,0.0018048801943853778,13.03278886199987
d04_exact,ac1,1000046,0.002118944585002107,13.03278886199987
d04_exact,ac1,1000047,0.0011131115344980118,13.03278886199987
d04_exact,ac1,1000048,0.001109877626689881,13.03278886199987
d04_exact,ac1,1000049,0.002013674163133393,13.03278886199987
mlp_M,ac1,1000000,0.0012340612048379758,4.42910939999274
mlp_M,ac1,1000001,0.0009224186454034471,4.302232899994124
mlp_M,ac1,1000002,0.0011155991811448984,5.0486076999950456
mlp_M,ac1,1000003,0.0022157100929683514,4.722970999995596
mlp_M,ac1,1000004,0.003243810744963212,4.536985300001106
mlp_M,ac1,1000005,0.002967315141024335,4.491564299998572
mlp_M,ac1,1000006,0.0007723340028943013,4.4084922000038205
mlp_M,ac1,1000007,0.0006088743277523089,4.449094700001297
mlp_M,ac1,1000008,0.0003206856619339679,4.610545599993202
mlp_M,ac1,1000009,0.0004991489527453742,5.395697199986898
mlp_M,ac1,1000010,0.0031681591833663775,4.786866300011752
mlp_M,ac1,1000011,0.0013627663316215794,4.341602300002705
mlp_M,ac1,1000012,0.0019744253016116815,4.329844099993352
mlp_M,ac1,1000013,0.0023282079087998003,4.249600299997837
mlp_M,ac1,1000014,0.000979879673077899,4.231159000002663
mlp_M,ac1,1000015,0.001789949561514542,4.2491616000042995
mlp_M,ac1,1000016,0.0017551260867716208,4.210458200002904
mlp_M,ac1,1000017,0.006053770095504343,4.234250399997109
mlp_M,ac1,1000018,0.0004059807158788243,4.2630324000056135
mlp_M,ac1,1000019,0.0006964220734869328,4.464597099999082
mlp_M,ac1,1000020,0.0021707396038924166,4.585632799993618
mlp_M,ac1,1000021,0.0020096171802593756,4.721521999992547
mlp_M,ac1,1000022,0.0026956221086453136,4.310724900002242
mlp_M,ac1,1000023,0.0013430392415470312,4.245039300003555
mlp_M,ac1,1000024,0.0004462572153406402,4.253056800007471
mlp_M,ac1,1000025,0.0020581773163229527,4.202433700003894
mlp_M,ac1,1000026,0.0009687985559638614,4.222128699999303
mlp_M,ac1,1000027,0.00034107724026989297,4.185323099998641
mlp_M,ac1,1000028,0.0023903343399740034,4.163848700001836
mlp_M,ac1,1000029,0.005406688001176684,4.1433593000110704
mlp_M,ac1,1000030,0.00041379283934089904,4.175237899995409
mlp_M,ac1,1000031,0.004210487030185823,4.169539900001837
mlp_M,ac1,1000032,0.003138468548876706,4.140049900001031
mlp_M,ac1,1000033,0.0007051970167109408,4.166124800001853
mlp_M,ac1,1000034,0.003298533785456211,4.13772759999847
mlp_M,ac1,1000035,0.0006145407848171469,4.388032799994107
mlp_M,ac1,1000036,0.0026232033564978947,4.1785267000086606
mlp_M,ac1,1000037,0.0011485307246028086,4.66309739999997
mlp_M,ac1,1000038,0.0015052810739993108,4.458160000009229
mlp_M,ac1,1000039,0.014311564508031763,4.334296200002427
mlp_M,ac1,1000040,0.002692802827203401,4.383540299997549
mlp_M,ac1,1000041,0.002568650318577427,4.329698400004418
mlp_M,ac1,1000042,0.0023177261286152747,4.3850502999994205
mlp_M,ac1,1000043,0.003607602890780459,4.314714599997387
mlp_M,ac1,1000044,0.002261618804359444,4.301837500010151
mlp_M,ac1,1000045,0.0032473548511421663,4.273242199997185
mlp_M,ac1,1000046,0.0004995594835992864,4.259690600010799
mlp_M,ac1,1000047,0.0006330898349632952,4.290476800000761
mlp_M,ac1,1000048,0.0003684055724043001,4.298750200003269
mlp_M,ac1,1000049,0.0009895745164718,4.426261999993585
mlp_10M,ac1,1000000,0.0004882735433609085,4.462319500002195
mlp_10M,ac1,1000001,0.0002663456193317746,4.323330600003828
mlp_10M,ac1,1000002,0.0003276067186916448,4.2929466999921715
mlp_10M,ac1,1000003,0.0014566065955315675,4.319251200009603
mlp_10M,ac1,1000004,0.0006871897523641907,4.385141799997655
mlp_10M,ac1,1000005,0.0015592071400183987,4.6508820000017295
mlp_10M,ac1,1000006,0.0004059489621743658,5.453759700001683
mlp_10M,ac1,1000007,0.0004366100430383436,4.455302100002882
mlp_10M,ac1,1000008,0.00023587544977384558,4.789257700002054
mlp_10M,ac1,1000009,0.00017587723595870888,4.486947400000645
mlp_10M,ac1,1000010,0.0013660089648678494,5.017331399998511
mlp_10M,ac1,1000011,0.0007432560366558364,4.499998600003892
mlp_10M,ac1,1000012,0.0013490125411319608,4.567531600012444
mlp_10M,ac1,1000013,0.0005859275769951424,5.108351599992602
mlp_10M,ac1,1000014,0.00031685960594839314,4.547830499999691
mlp_10M,ac1,1000015,0.0003411501642994065,4.385190100001637
mlp_10M,ac1,1000016,0.0010429854558635296,4.325149199998123
mlp_10M,ac1,1000017,0.0008158990595386946,4.209621400004835
mlp_10M,ac1,1000018,0.00011052205313478823,4.42230489999929
mlp_10M,ac1,1000019,0.0005790604325675718,4.365399899994372
mlp_10M,ac1,1000020,0.0012318952796325877,4.4903013999864925
mlp_10M,ac1,1000021,0.0005726184606274932,4.304212199989706
mlp_10M,ac1,1000022,0.0011421376239256439,4.344810399998096
mlp_10M,ac1,1000023,0.0005332692938855695,4.390043999999762
mlp_10M,ac1,1000024,0.0002264822759501179,4.284534599995823
mlp_10M,ac1,1000025,0.0007067972883310274,4.262236500013387
mlp_10M,ac1,1000026,0.0003126380942209994,4.293453299993416
mlp_10M,ac1,1000027,0.00014047581636632183,4.414466800008086
mlp_10M,ac1,1000028,0.001414732468065202,4.280064599995967
mlp_10M,ac1,1000029,0.0011560841096588431,4.327518300007796
mlp_10M,ac1,1000030,0.0002215593281457426,4.319367100004456
mlp_10M,ac1,1000031,0.0012982846458037937,4.2256567000004
mlp_10M,ac1,1000032,0.0016926456324101971,4.215303499993752
mlp_10M,ac1,1000033,0.00026070140011136826,4.257873900001869
mlp_10M,ac1,1000034,0.0005429588415176228,4.281997600002796
mlp_10M,ac1,1000035,0.00025913298009725436,4.3559158999996725
mlp_10M,ac1,1000036,0.0010473803486472253,4.24303399999917
mlp_10M,ac1,1000037,0.0005061418401278228,4.2782494999992196
mlp_10M,ac1,1000038,0.0005711004795059464,4.255096199995023
mlp_10M,ac1,1000039,0.0014810911227510599,4.837995300011244
mlp_10M,ac1,1000040,0.0009227265097308452,4.241936699996586
mlp_10M,ac1,1000041,0.0010741558998093928,4.293890600005398
mlp_10M,ac1,1000042,0.001965851882701451,4.311872799997218
mlp_10M,ac1,1000043,0.0009677740227394928,4.22950810000475
mlp_10M,ac1,1000044,0.0003414970610689604,4.227574300006381
mlp_10M,ac1,1000045,0.0008930973266638489,4.240092599997297
mlp_10M,ac1,1000046,0.0001523113580933884,4.229398700001184
mlp_10M,ac1,1000047,0.0002879923970829137,4.218476000009105
mlp_10M,ac1,1000048,0.000234366622759635,4.236209399998188
mlp_10M,ac1,1000049,0.0005911529334264854,4.233645500004059
kernel,ac1,1000000,0.0019978459682916203,0.06887360000109766
kernel,ac1,1000001,0.0020027993782064336,0.057771299994783476
kernel,ac1,1000002,0.002439525519891692,0.05714059999445453
kernel,ac1,1000003,0.0046550964884146465,0.05794379999861121
kernel,ac1,1000004,0.005033519842139758,0.058402399998158216
kernel,ac1,1000005,0.005052484091590624,0.056664500007173046
kernel,ac1,1000006,0.0026207079077129763,0.056889800005592406
kernel,ac1,1000007,0.002395257128460846,0.05919120000908151
kernel,ac1,1000008,0.0017819842006921377,0.05851529999927152
kernel,ac1,1000009,0.0014010708569970744,0.05820010000024922
kernel,ac1,1000010,0.00454794926977269,0.05683990000397898
kernel,ac1,1000011,0.0029472304939622608,0.060887300001922995
kernel,ac1,1000012,0.004242583647859293,0.0574009000119986
kernel,ac1,1000013,0.0027254591745202185,0.057979699995485134
kernel,ac1,1000014,0.0022251624564114756,0.05775230001017917
kernel,ac1,1000015,0.0022728947972011737,0.056737300008535385
kernel,ac1,1000016,0.0035494988717811385,0.060553999996045604
kernel,ac1,1000017,0.007422224326774584,0.057855799997923896
kernel,ac1,1000018,0.0019583931516861707,0.06305779999820516
kernel,ac1,1000019,0.0018968948534467418,0.060534599993843585
kernel,ac1,1000020,0.003690138550365198,0.05700580000120681
kernel,ac1,1000021,0.002427338768089268,0.06159369999659248
kernel,ac1,1000022,0.002960296835058354,0.058369499995023943
kernel,ac1,1000023,0.002961600786611003,0.05880980000074487
kernel,ac1,1000024,0.0023766466394463336,0.060236300007090904
kernel,ac1,1000025,0.0034633219209601446,0.057720400000107475
kernel,ac1,1000026,0.0027452085951837433,0.05840449999959674
kernel,ac1,1000027,0.0012126985198233618,0.05849190001026727
kernel,ac1,1000028,0.0034206076424648435,0.05845319999207277
kernel,ac1,1000029,0.008251048135671126,0.06438179999531712
kernel,ac1,1000030,0.0010776937414075317,0.057144899998093024
kernel,ac1,1000031,0.005162411002858863,0.057458700001006946
kernel,ac1,1000032,0.004281784455120566,0.059982599996146746
kernel,ac1,1000033,0.002296972496216102,0.0579318000091007
kernel,ac1,1000034,0.004539482190396218,0.059558100008871406
kernel,ac1,1000035,0.0021170241732987043,0.060608600004343316
kernel,ac1,1000036,0.0038176688780855185,0.06040950000169687
kernel,ac1,1000037,0.002129438562746014,0.05683679999492597
kernel,ac1,1000038,0.0029474255105734343,0.05987199999799486
kernel,ac1,1000039,0.008841627720990659,0.057337300007930025
kernel,ac1,1000040,0.0031834087136521664,0.060546599997906014
kernel,ac1,1000041,0.0034329731264084373,0.058435800005099736
kernel,ac1,1000042,0.004764394260914751,0.060042900004191324
kernel,ac1,1000043,0.003984232647302139,0.058625100005883723
kernel,ac1,1000044,0.003742464140278969,0.05719690000114497
kernel,ac1,1000045,0.0035390308746929317,0.057314599995152093
kernel,ac1,1000046,0.0016754379833412013,0.05883509998966474
kernel,ac1,1000047,0.001752445232738937,0.058029799998621456
kernel,ac1,1000048,0.0020726242271426575,0.0597744000115199
kernel,ac1,1000049,0.0026565035193019345,0.05760519999603275
